-- =============================================================================
-- seed-dev-synthetic.sql -- GENERATED by deploy/scripts/dev-seed/generate-dev-seed.ps1.
-- DO NOT EDIT BY HAND: re-run the generator and commit its output instead.
--
-- DEV/TEST display dataset: synthetic users + wallets + ledger + cards + card
-- transactions so the cardholder UI and admin lists look realistic. DEV ONLY --
-- vm-seed.ps1 applies this only when Env=dev. Entirely fabricated; no prod data.
-- Idempotent: deletes the '5eed' UserID namespace (children->parents) then re-inserts,
-- so re-applying converges and never touches real/smoke/admin rows.
-- Run AFTER seed-reference.sql (needs 'role-owner', card type 111028, the TRC20 network)
-- and seed-smoke-user.sql. DEMO_EMAIL / DEMO_USER_PWD_DB arrive via sqlcmd -v.
-- =============================================================================
SET NOCOUNT ON;
SET XACT_ABORT ON;
BEGIN TRANSACTION;

-- 1. Clear the synthetic namespace (children first to respect FKs). Card-keyed child
--    rows are removed via the parent card set before the cards themselves.
DELETE FROM dbo.tblT_Card_Transaction WHERE CardNo IN (SELECT CardNo FROM dbo.tblT_Card WHERE UserID LIKE '5eed%');
DELETE FROM dbo.tblT_Card_Balance     WHERE CardNo IN (SELECT CardNo FROM dbo.tblT_Card WHERE UserID LIKE '5eed%');
DELETE FROM dbo.tblT_Card_Deposit        WHERE UserID LIKE '5eed%';
DELETE FROM dbo.tblT_Card                WHERE UserID LIKE '5eed%';
DELETE FROM dbo.tblH_User_Balance        WHERE UserID LIKE '5eed%';
DELETE FROM dbo.tblM_User_Balance        WHERE UserID LIKE '5eed%';
DELETE FROM dbo.tblM_User_Commission     WHERE UserID LIKE '5eed%';
DELETE FROM dbo.tblM_User_Referral       WHERE UserID LIKE '5eed%';
DELETE FROM dbo.tblM_User_Crypto_Deposit WHERE UserID LIKE '5eed%';
DELETE FROM dbo.tblM_User                WHERE UserID LIKE '5eed%';

-- ---- user #1 (Demo Cardholder) [LOGINABLE DEMO] ----
INSERT INTO dbo.tblM_User (UserID, Email, FirstName, LastName, Password, RoleID, Phone, isActive, isVerified, isBanned, DateJoin) VALUES (N'5eedaaaa-0000-0000-0000-000000000001', N'$(DEMO_EMAIL)', N'Demo', N'Cardholder', N'$(DEMO_USER_PWD_DB)', 'role-owner', '+15005550001', 1, 1, 0, DATEADD(DAY, -16, GETUTCDATE()));
INSERT INTO dbo.tblM_User_Commission     (CommissionID, UserID, Commission, DateCreated) VALUES (N'5eedc011-0000-0000-0000-000000000001', N'5eedaaaa-0000-0000-0000-000000000001', 0.1, DATEADD(DAY, -16, GETUTCDATE()));
INSERT INTO dbo.tblM_User_Referral       (UserID, Code, DateCreated) VALUES (N'5eedaaaa-0000-0000-0000-000000000001', 'DEV00001', DATEADD(DAY, -16, GETUTCDATE()));
INSERT INTO dbo.tblM_User_Crypto_Deposit (ID, UserID, NetworkID, Address, isActive, DateCreated) VALUES (N'5eedcd22-0000-0000-0000-000000000001', N'5eedaaaa-0000-0000-0000-000000000001', 'F580A411-0E37-4287-B975-408172A2B4BF', 'TDEVSEED000000000000000000000000001', 1, DATEADD(DAY, -16, GETUTCDATE()));
INSERT INTO dbo.tblH_User_Balance (UserID, BalanceID, TransactionID, Type, BalancePrevious, Amount, Commision, CommisionInPercentage, Balance, CreatedDate, Status) VALUES (N'5eedaaaa-0000-0000-0000-000000000001', N'5eedba33-0000-0000-0000-000000000001', N'5EED-001-01-CRY', 'Crypto Deposit', 0.00, 237.00, 0, 0, 237.00, DATEADD(DAY, -15, GETUTCDATE()), 'Completed');
INSERT INTO dbo.tblH_User_Balance (UserID, BalanceID, TransactionID, Type, BalancePrevious, Amount, Commision, CommisionInPercentage, Balance, CreatedDate, Status) VALUES (N'5eedaaaa-0000-0000-0000-000000000001', N'5eedba33-0000-0000-0000-000000000001', N'5EED-001-02-CRY', 'Crypto Deposit', 237.00, 300.00, 0, 0, 537.00, DATEADD(DAY, -40, GETUTCDATE()), 'Completed');
INSERT INTO dbo.tblH_User_Balance (UserID, BalanceID, TransactionID, Type, BalancePrevious, Amount, Commision, CommisionInPercentage, Balance, CreatedDate, Status) VALUES (N'5eedaaaa-0000-0000-0000-000000000001', N'5eedba33-0000-0000-0000-000000000001', N'5EED-001-03-CAR', 'Card Open', 537.00, -10.00, 0, 0, 527.00, DATEADD(DAY, -14, GETUTCDATE()), 'Completed');
INSERT INTO dbo.tblH_User_Balance (UserID, BalanceID, TransactionID, Type, BalancePrevious, Amount, Commision, CommisionInPercentage, Balance, CreatedDate, Status) VALUES (N'5eedaaaa-0000-0000-0000-000000000001', N'5eedba33-0000-0000-0000-000000000001', N'5EED-001-04-CAR', 'Card Open', 527.00, -10.00, 0, 0, 517.00, DATEADD(DAY, -11, GETUTCDATE()), 'Completed');
INSERT INTO dbo.tblH_User_Balance (UserID, BalanceID, TransactionID, Type, BalancePrevious, Amount, Commision, CommisionInPercentage, Balance, CreatedDate, Status) VALUES (N'5eedaaaa-0000-0000-0000-000000000001', N'5eedba33-0000-0000-0000-000000000001', N'5EED-001-05-CAR', 'Card Open', 517.00, -10.00, 0, 0, 507.00, DATEADD(DAY, -8, GETUTCDATE()), 'Completed');
INSERT INTO dbo.tblH_User_Balance (UserID, BalanceID, TransactionID, Type, BalancePrevious, Amount, Commision, CommisionInPercentage, Balance, CreatedDate, Status) VALUES (N'5eedaaaa-0000-0000-0000-000000000001', N'5eedba33-0000-0000-0000-000000000001', N'5EED-001-06-CAR', 'Card Topup', 507.00, -50.00, 0, 0, 457.00, DATEADD(DAY, -10, GETUTCDATE()), 'Completed');
INSERT INTO dbo.tblH_User_Balance (UserID, BalanceID, TransactionID, Type, BalancePrevious, Amount, Commision, CommisionInPercentage, Balance, CreatedDate, Status) VALUES (N'5eedaaaa-0000-0000-0000-000000000001', N'5eedba33-0000-0000-0000-000000000001', N'5EED-001-07-DEP', 'Deposit Refund', 457.00, 50.00, 0, 0, 507.00, DATEADD(DAY, -9, GETUTCDATE()), 'Completed');
INSERT INTO dbo.tblM_User_Balance (BalanceID, UserID, Currency, Balance, isActive, DateCreated) VALUES (N'5eedba33-0000-0000-0000-000000000001', N'5eedaaaa-0000-0000-0000-000000000001', 'USDT', 507.00, 1, DATEADD(DAY, -16, GETUTCDATE()));
INSERT INTO dbo.tblT_Card (ID, UserID, CardTypeId, CardNo, CardNumber, CVV, ValidPeriod, Currency, Price, Total, Status, isActive, DateCreated) VALUES (N'5eedca01-0000-0000-0000-000000000001', N'5eedaaaa-0000-0000-0000-000000000001', 111028, '4024001000000001', N'4024 00** **** 0001', '107', '02/29', 'USD', 10.00, 10.00, 'active', 1, DATEADD(DAY, -11, GETUTCDATE()));
INSERT INTO dbo.tblT_Card_Transaction (CardNo, TradeNo, OriginTradeNo, Currency, Amount, AuthorizedCurrency, AuthorizedAmount, Fee, FeeCurrency, Type, TypeStr, Status, StatusStr, MerchantName, Description, TransactionTime) VALUES ('4024001000000001', '5EEDTXN000101', '5EEDTXN000101', 'USD', 21.99, 'USD', 21.99, 0.00, 'USD', 'auth', 'Authorization', 'authorized', 'Authorized', N'GOOGLE *WORKSPACE      Dublin         IE', N'Card auth', DATEADD(DAY, -10, GETUTCDATE()));
INSERT INTO dbo.tblT_Card_Transaction (CardNo, TradeNo, OriginTradeNo, Currency, Amount, AuthorizedCurrency, AuthorizedAmount, Fee, FeeCurrency, Type, TypeStr, Status, StatusStr, MerchantName, Description, TransactionTime) VALUES ('4024001000000001', '5EEDTXN000102', '5EEDTXN000102', 'USD', 28.99, 'USD', 28.99, 0.00, 'USD', 'auth', 'Authorization', 'failed', 'Fail', N'DNH*GODADDY.COM        AMSTERDAM      NL', N'Card auth', DATEADD(DAY, -9, GETUTCDATE()));
INSERT INTO dbo.tblT_Card_Transaction (CardNo, TradeNo, OriginTradeNo, Currency, Amount, AuthorizedCurrency, AuthorizedAmount, Fee, FeeCurrency, Type, TypeStr, Status, StatusStr, MerchantName, Description, TransactionTime) VALUES ('4024001000000001', '5EEDTXN000103', '5EEDTXN000103', 'USD', 35.99, 'USD', 35.99, 0.00, 'USD', 'auth', 'Authorization', 'authorized', 'Authorized', N'NAME-CHEAP.COM* 7K2Q9X PHOENIX      AZUS', N'Card auth', DATEADD(DAY, -8, GETUTCDATE()));
INSERT INTO dbo.tblT_Card_Transaction (CardNo, TradeNo, OriginTradeNo, Currency, Amount, AuthorizedCurrency, AuthorizedAmount, Fee, FeeCurrency, Type, TypeStr, Status, StatusStr, MerchantName, Description, TransactionTime) VALUES ('4024001000000001', '5EEDTXN000104', '5EEDTXN000104', 'USD', 42.99, 'USD', 42.99, 0.00, 'USD', 'auth', 'Authorization', 'authorized', 'Authorized', N'HOSTINGER* HOSTINGER.C WILMINGTON   DEUS', N'Card auth', DATEADD(DAY, -7, GETUTCDATE()));
INSERT INTO dbo.tblT_Card_Transaction (CardNo, TradeNo, OriginTradeNo, Currency, Amount, AuthorizedCurrency, AuthorizedAmount, Fee, FeeCurrency, Type, TypeStr, Status, StatusStr, MerchantName, Description, TransactionTime) VALUES ('4024001000000001', '5EEDTXN000105', '5EEDTXN000105', 'USD', 49.99, 'USD', 49.99, 0.00, 'USD', 'auth', 'Authorization', 'authorized', 'Authorized', N'CLOUDFLARE             SAN FRANCISCOCAUS', N'Card auth', DATEADD(DAY, -6, GETUTCDATE()));
INSERT INTO dbo.tblT_Card_Transaction (CardNo, TradeNo, OriginTradeNo, Currency, Amount, AuthorizedCurrency, AuthorizedAmount, Fee, FeeCurrency, Type, TypeStr, Status, StatusStr, MerchantName, Description, TransactionTime) VALUES ('4024001000000001', '5EEDTXN000106', '5EEDTXN000106', 'USD', 0.00, 'USD', 0.00, 0.00, 'USD', 'verification', 'Verification', 'succeed', 'Succeed', N'OPENAI         *CHATGPT SAN FRANCISCOCAUS', N'Card verification', DATEADD(DAY, -5, GETUTCDATE()));
INSERT INTO dbo.tblT_Card_Transaction (CardNo, TradeNo, OriginTradeNo, Currency, Amount, AuthorizedCurrency, AuthorizedAmount, Fee, FeeCurrency, Type, TypeStr, Status, StatusStr, MerchantName, Description, TransactionTime) VALUES ('4024001000000001', '5EEDTXN000107', '5EEDTXN000107', 'USD', 0.50, 'USD', 0.50, 0.00, 'USD', 'maintain_fee', 'Card fee', 'succeed', 'Succeed', N'OPENAI         *CHATGPT SAN FRANCISCOCAUS', N'Card maintain_fee', DATEADD(DAY, -4, GETUTCDATE()));
INSERT INTO dbo.tblT_Card_Deposit (ID, UserID, OrderNo, CardNo, Network, Symbol, Currency, Amount, Fee, Total, ReceivedAmount, Type, Status, DateTransaction, Address, Txhash) VALUES (N'5eedcd55-0000-0000-0001-000000000001', N'5eedaaaa-0000-0000-0000-000000000001', '5EEDDEPO000101', '4024001000000001', 'TRC20', 'USDT', 'USD', 150.00, 4.50, 154.50, 150.00, 'Crypto', 'success', DATEADD(DAY, -10, GETUTCDATE()), 'TDEVSEEDDEP00000000000000000000011', '5eeddep000101000000000000000000000000000000000000000000000000000');
INSERT INTO dbo.tblT_Card_Deposit (ID, UserID, OrderNo, CardNo, Network, Symbol, Currency, Amount, Fee, Total, ReceivedAmount, Type, Status, DateTransaction, Address, Txhash) VALUES (N'5eedcd55-0000-0000-0002-000000000001', N'5eedaaaa-0000-0000-0000-000000000001', '5EEDDEPO000102', '4024001000000001', 'TRC20', 'USDT', 'USD', 50.00, 1.50, 51.50, 50.00, 'Crypto', 'success', DATEADD(DAY, -6, GETUTCDATE()), 'TDEVSEEDDEP00000000000000000000012', '5eeddep000102000000000000000000000000000000000000000000000000000');
INSERT INTO dbo.tblT_Card_Balance (ID, CardNo, Amount, UsedAmount, Currency) VALUES (N'5eedcb44-0000-0000-0000-000000000001', '4024001000000001', 0.00, 150.96, 'USD');
INSERT INTO dbo.tblT_Card (ID, UserID, CardTypeId, CardNo, CardNumber, CVV, ValidPeriod, Currency, Price, Total, Status, isActive, DateCreated) VALUES (N'5eedca02-0000-0000-0000-000000000001', N'5eedaaaa-0000-0000-0000-000000000001', 111028, '4024001000000002', N'4024 00** **** 0002', '114', '03/30', 'USD', 10.00, 10.00, 'active', 1, DATEADD(DAY, -8, GETUTCDATE()));
INSERT INTO dbo.tblT_Card_Transaction (CardNo, TradeNo, OriginTradeNo, Currency, Amount, AuthorizedCurrency, AuthorizedAmount, Fee, FeeCurrency, Type, TypeStr, Status, StatusStr, MerchantName, Description, TransactionTime) VALUES ('4024001000000002', '5EEDTXN000201', '5EEDTXN000201', 'USD', 34.99, 'USD', 34.99, 0.00, 'USD', 'auth', 'Authorization', 'authorized', 'Authorized', N'HOSTINGER* HOSTINGER.C WILMINGTON   DEUS', N'Card auth', DATEADD(DAY, -7, GETUTCDATE()));
INSERT INTO dbo.tblT_Card_Transaction (CardNo, TradeNo, OriginTradeNo, Currency, Amount, AuthorizedCurrency, AuthorizedAmount, Fee, FeeCurrency, Type, TypeStr, Status, StatusStr, MerchantName, Description, TransactionTime) VALUES ('4024001000000002', '5EEDTXN000202', '5EEDTXN000202', 'USD', 41.99, 'USD', 41.99, 0.00, 'USD', 'auth', 'Authorization', 'failed', 'Fail', N'CLOUDFLARE             SAN FRANCISCOCAUS', N'Card auth', DATEADD(DAY, -6, GETUTCDATE()));
INSERT INTO dbo.tblT_Card_Transaction (CardNo, TradeNo, OriginTradeNo, Currency, Amount, AuthorizedCurrency, AuthorizedAmount, Fee, FeeCurrency, Type, TypeStr, Status, StatusStr, MerchantName, Description, TransactionTime) VALUES ('4024001000000002', '5EEDTXN000203', '5EEDTXN000203', 'IDR', 20407.00, 'USD', 1.24, 0.00, 'USD', 'auth', 'Authorization', 'authorized', 'Authorized', N'AGODA.COM              Berlin         DE', N'Card auth', DATEADD(DAY, -5, GETUTCDATE()));
INSERT INTO dbo.tblT_Card_Transaction (CardNo, TradeNo, OriginTradeNo, Currency, Amount, AuthorizedCurrency, AuthorizedAmount, Fee, FeeCurrency, Type, TypeStr, Status, StatusStr, MerchantName, Description, TransactionTime) VALUES ('4024001000000002', '5EEDTXN000204', '5EEDTXN000204', 'PHP', 434.00, 'USD', 7.48, 0.00, 'USD', 'auth', 'Authorization', 'authorized', 'Authorized', N'DLOCAL *Starlink Phili Manila         PH', N'Card auth', DATEADD(DAY, -4, GETUTCDATE()));
INSERT INTO dbo.tblT_Card_Transaction (CardNo, TradeNo, OriginTradeNo, Currency, Amount, AuthorizedCurrency, AuthorizedAmount, Fee, FeeCurrency, Type, TypeStr, Status, StatusStr, MerchantName, Description, TransactionTime) VALUES ('4024001000000002', '5EEDTXN000205', '5EEDTXN000205', 'HKD', 175.00, 'USD', 22.44, 0.00, 'USD', 'auth', 'Authorization', 'authorized', 'Authorized', N'LAYERSTACK             CHEUNG SHA WA  HK', N'Card auth', DATEADD(DAY, -3, GETUTCDATE()));
INSERT INTO dbo.tblT_Card_Transaction (CardNo, TradeNo, OriginTradeNo, Currency, Amount, AuthorizedCurrency, AuthorizedAmount, Fee, FeeCurrency, Type, TypeStr, Status, StatusStr, MerchantName, Description, TransactionTime) VALUES ('4024001000000002', '5EEDTXN000206', '5EEDTXN000206', 'USD', 69.99, 'USD', 69.99, 0.00, 'USD', 'auth', 'Authorization', 'authorized', 'Authorized', N'ANTHROPIC* CLAUDE SUB  SAN FRANCISCOCAUS', N'Card auth', DATEADD(DAY, -2, GETUTCDATE()));
INSERT INTO dbo.tblT_Card_Transaction (CardNo, TradeNo, OriginTradeNo, Currency, Amount, AuthorizedCurrency, AuthorizedAmount, Fee, FeeCurrency, Type, TypeStr, Status, StatusStr, MerchantName, Description, TransactionTime) VALUES ('4024001000000002', '5EEDTXN000207', '5EEDTXN000207', 'USD', 0.00, 'USD', 0.00, 0.00, 'USD', 'verification', 'Verification', 'succeed', 'Succeed', N'GITHUB, INC.           SAN FRANCISCOCAUS', N'Card verification', DATEADD(DAY, -1, GETUTCDATE()));
INSERT INTO dbo.tblT_Card_Transaction (CardNo, TradeNo, OriginTradeNo, Currency, Amount, AuthorizedCurrency, AuthorizedAmount, Fee, FeeCurrency, Type, TypeStr, Status, StatusStr, MerchantName, Description, TransactionTime) VALUES ('4024001000000002', '5EEDTXN000208', '5EEDTXN000208', 'USD', 0.50, 'USD', 0.50, 0.00, 'USD', 'maintain_fee', 'Card fee', 'succeed', 'Succeed', N'GITHUB, INC.           SAN FRANCISCOCAUS', N'Card maintain_fee', DATEADD(DAY, -0, GETUTCDATE()));
INSERT INTO dbo.tblT_Card_Deposit (ID, UserID, OrderNo, CardNo, Network, Symbol, Currency, Amount, Fee, Total, ReceivedAmount, Type, Status, DateTransaction, Address, Txhash) VALUES (N'5eedcd55-0000-0000-0001-000000000002', N'5eedaaaa-0000-0000-0000-000000000001', '5EEDDEPO000201', '4024001000000002', 'TRC20', 'USDT', 'USD', 50.00, 1.50, 51.50, 50.00, 'Crypto', 'success', DATEADD(DAY, -7, GETUTCDATE()), 'TDEVSEEDDEP00000000000000000000021', '5eeddep000201000000000000000000000000000000000000000000000000000');
INSERT INTO dbo.tblT_Card_Balance (ID, CardNo, Amount, UsedAmount, Currency) VALUES (N'5eedcb44-0000-0000-0000-000000000002', '4024001000000002', 63.86, 136.14, 'USD');
INSERT INTO dbo.tblT_Card (ID, UserID, CardTypeId, CardNo, CardNumber, CVV, ValidPeriod, Currency, Price, Total, Status, isActive, DateCreated) VALUES (N'5eedca03-0000-0000-0000-000000000001', N'5eedaaaa-0000-0000-0000-000000000001', 111028, '4024001000000003', N'4024 00** **** 0003', '121', '04/31', 'USD', 10.00, 10.00, 'active', 1, DATEADD(DAY, -5, GETUTCDATE()));
INSERT INTO dbo.tblT_Card_Transaction (CardNo, TradeNo, OriginTradeNo, Currency, Amount, AuthorizedCurrency, AuthorizedAmount, Fee, FeeCurrency, Type, TypeStr, Status, StatusStr, MerchantName, Description, TransactionTime) VALUES ('4024001000000003', '5EEDTXN000301', '5EEDTXN000301', 'PHP', 286.00, 'USD', 4.93, 0.00, 'USD', 'auth', 'Authorization', 'authorized', 'Authorized', N'DLOCAL *Starlink Phili Manila         PH', N'Card auth', DATEADD(DAY, -4, GETUTCDATE()));
INSERT INTO dbo.tblT_Card_Transaction (CardNo, TradeNo, OriginTradeNo, Currency, Amount, AuthorizedCurrency, AuthorizedAmount, Fee, FeeCurrency, Type, TypeStr, Status, StatusStr, MerchantName, Description, TransactionTime) VALUES ('4024001000000003', '5EEDTXN000302', '5EEDTXN000302', 'HKD', 93.00, 'USD', 11.92, 0.00, 'USD', 'auth', 'Authorization', 'failed', 'Fail', N'LAYERSTACK             CHEUNG SHA WA  HK', N'Card auth', DATEADD(DAY, -3, GETUTCDATE()));
INSERT INTO dbo.tblT_Card_Transaction (CardNo, TradeNo, OriginTradeNo, Currency, Amount, AuthorizedCurrency, AuthorizedAmount, Fee, FeeCurrency, Type, TypeStr, Status, StatusStr, MerchantName, Description, TransactionTime) VALUES ('4024001000000003', '5EEDTXN000303', '5EEDTXN000303', 'USD', 61.99, 'USD', 61.99, 0.00, 'USD', 'auth', 'Authorization', 'authorized', 'Authorized', N'ANTHROPIC* CLAUDE SUB  SAN FRANCISCOCAUS', N'Card auth', DATEADD(DAY, -2, GETUTCDATE()));
INSERT INTO dbo.tblT_Card_Transaction (CardNo, TradeNo, OriginTradeNo, Currency, Amount, AuthorizedCurrency, AuthorizedAmount, Fee, FeeCurrency, Type, TypeStr, Status, StatusStr, MerchantName, Description, TransactionTime) VALUES ('4024001000000003', '5EEDTXN000304', '5EEDTXN000304', 'USD', 68.99, 'USD', 68.99, 0.00, 'USD', 'auth', 'Authorization', 'authorized', 'Authorized', N'OPENAI         *CHATGPT SAN FRANCISCOCAUS', N'Card auth', DATEADD(DAY, -1, GETUTCDATE()));
INSERT INTO dbo.tblT_Card_Transaction (CardNo, TradeNo, OriginTradeNo, Currency, Amount, AuthorizedCurrency, AuthorizedAmount, Fee, FeeCurrency, Type, TypeStr, Status, StatusStr, MerchantName, Description, TransactionTime) VALUES ('4024001000000003', '5EEDTXN000305', '5EEDTXN000305', 'USD', 0.00, 'USD', 0.00, 0.00, 'USD', 'verification', 'Verification', 'succeed', 'Succeed', N'AMAZON WEB SERVICES    SEATTLE      WAUS', N'Card verification', DATEADD(DAY, -0, GETUTCDATE()));
INSERT INTO dbo.tblT_Card_Transaction (CardNo, TradeNo, OriginTradeNo, Currency, Amount, AuthorizedCurrency, AuthorizedAmount, Fee, FeeCurrency, Type, TypeStr, Status, StatusStr, MerchantName, Description, TransactionTime) VALUES ('4024001000000003', '5EEDTXN000306', '5EEDTXN000306', 'USD', 0.50, 'USD', 0.50, 0.00, 'USD', 'maintain_fee', 'Card fee', 'succeed', 'Succeed', N'AMAZON WEB SERVICES    SEATTLE      WAUS', N'Card maintain_fee', DATEADD(DAY, -0, GETUTCDATE()));
INSERT INTO dbo.tblT_Card_Transaction (CardNo, TradeNo, OriginTradeNo, Currency, Amount, AuthorizedCurrency, AuthorizedAmount, Fee, FeeCurrency, Type, TypeStr, Status, StatusStr, MerchantName, Description, TransactionTime) VALUES ('4024001000000003', '5EEDTXN000307', '5EEDTXN000307', 'USD', 8.00, 'USD', 8.00, 0.00, 'USD', 'refund', 'Refund', 'succeed', 'Success', N'GOOGLE *WORKSPACE      Dublin         IE', N'Card refund', DATEADD(DAY, -0, GETUTCDATE()));
INSERT INTO dbo.tblT_Card_Deposit (ID, UserID, OrderNo, CardNo, Network, Symbol, Currency, Amount, Fee, Total, ReceivedAmount, Type, Status, DateTransaction, Address, Txhash) VALUES (N'5eedcd55-0000-0000-0001-000000000003', N'5eedaaaa-0000-0000-0000-000000000001', '5EEDDEPO000301', '4024001000000003', 'TRC20', 'USDT', 'USD', 100.00, 3.00, 103.00, 100.00, 'Crypto', 'success', DATEADD(DAY, -4, GETUTCDATE()), 'TDEVSEEDDEP00000000000000000000031', '5eeddep000301000000000000000000000000000000000000000000000000000');
INSERT INTO dbo.tblT_Card_Deposit (ID, UserID, OrderNo, CardNo, Network, Symbol, Currency, Amount, Fee, Total, ReceivedAmount, Type, Status, DateTransaction, Address, Txhash) VALUES (N'5eedcd55-0000-0000-0002-000000000003', N'5eedaaaa-0000-0000-0000-000000000001', '5EEDDEPO000302', '4024001000000003', 'TRC20', 'USDT', 'USD', 150.00, 4.50, 154.50, 150.00, 'Crypto', 'success', DATEADD(DAY, -0, GETUTCDATE()), 'TDEVSEEDDEP00000000000000000000032', '5eeddep000302000000000000000000000000000000000000000000000000000');
INSERT INTO dbo.tblT_Card_Balance (ID, CardNo, Amount, UsedAmount, Currency) VALUES (N'5eedcb44-0000-0000-0000-000000000003', '4024001000000003', 0.00, 135.91, 'USD');

-- ---- user #2 (Liam Singh) ----
INSERT INTO dbo.tblM_User (UserID, Email, FirstName, LastName, Password, RoleID, Phone, isActive, isVerified, isBanned, DateJoin) VALUES (N'5eedaaaa-0000-0000-0000-000000000002', N'dev.user02@synthetic.kash.local', N'Liam', N'Singh', N'DEV-SYNTHETIC-NO-LOGIN', 'role-owner', '+15005550002', 1, 1, 0, DATEADD(DAY, -27, GETUTCDATE()));
INSERT INTO dbo.tblM_User_Commission     (CommissionID, UserID, Commission, DateCreated) VALUES (N'5eedc011-0000-0000-0000-000000000002', N'5eedaaaa-0000-0000-0000-000000000002', 0.1, DATEADD(DAY, -27, GETUTCDATE()));
INSERT INTO dbo.tblM_User_Referral       (UserID, Code, DateCreated) VALUES (N'5eedaaaa-0000-0000-0000-000000000002', 'DEV00002', DATEADD(DAY, -27, GETUTCDATE()));
INSERT INTO dbo.tblM_User_Crypto_Deposit (ID, UserID, NetworkID, Address, isActive, DateCreated) VALUES (N'5eedcd22-0000-0000-0000-000000000002', N'5eedaaaa-0000-0000-0000-000000000002', 'F580A411-0E37-4287-B975-408172A2B4BF', 'TDEVSEED000000000000000000000000002', 1, DATEADD(DAY, -27, GETUTCDATE()));
INSERT INTO dbo.tblH_User_Balance (UserID, BalanceID, TransactionID, Type, BalancePrevious, Amount, Commision, CommisionInPercentage, Balance, CreatedDate, Status) VALUES (N'5eedaaaa-0000-0000-0000-000000000002', N'5eedba33-0000-0000-0000-000000000002', N'5EED-002-01-CRY', 'Crypto Deposit', 0.00, 274.00, 0, 0, 274.00, DATEADD(DAY, -26, GETUTCDATE()), 'Completed');
INSERT INTO dbo.tblH_User_Balance (UserID, BalanceID, TransactionID, Type, BalancePrevious, Amount, Commision, CommisionInPercentage, Balance, CreatedDate, Status) VALUES (N'5eedaaaa-0000-0000-0000-000000000002', N'5eedba33-0000-0000-0000-000000000002', N'5EED-002-02-CAR', 'Card Open', 274.00, -10.00, 0, 0, 264.00, DATEADD(DAY, -25, GETUTCDATE()), 'Completed');
INSERT INTO dbo.tblM_User_Balance (BalanceID, UserID, Currency, Balance, isActive, DateCreated) VALUES (N'5eedba33-0000-0000-0000-000000000002', N'5eedaaaa-0000-0000-0000-000000000002', 'USDT', 264.00, 1, DATEADD(DAY, -27, GETUTCDATE()));
INSERT INTO dbo.tblT_Card (ID, UserID, CardTypeId, CardNo, CardNumber, CVV, ValidPeriod, Currency, Price, Total, Status, isActive, DateCreated) VALUES (N'5eedca01-0000-0000-0000-000000000002', N'5eedaaaa-0000-0000-0000-000000000002', 111028, '4024001000000004', N'4024 00** **** 0004', '128', '05/29', 'USD', 10.00, 10.00, 'active', 1, DATEADD(DAY, -22, GETUTCDATE()));
INSERT INTO dbo.tblT_Card_Transaction (CardNo, TradeNo, OriginTradeNo, Currency, Amount, AuthorizedCurrency, AuthorizedAmount, Fee, FeeCurrency, Type, TypeStr, Status, StatusStr, MerchantName, Description, TransactionTime) VALUES ('4024001000000004', '5EEDTXN000401', '5EEDTXN000401', 'USD', 60.99, 'USD', 60.99, 0.00, 'USD', 'auth', 'Authorization', 'authorized', 'Authorized', N'OPENAI         *CHATGPT SAN FRANCISCOCAUS', N'Card auth', DATEADD(DAY, -21, GETUTCDATE()));
INSERT INTO dbo.tblT_Card_Transaction (CardNo, TradeNo, OriginTradeNo, Currency, Amount, AuthorizedCurrency, AuthorizedAmount, Fee, FeeCurrency, Type, TypeStr, Status, StatusStr, MerchantName, Description, TransactionTime) VALUES ('4024001000000004', '5EEDTXN000402', '5EEDTXN000402', 'USD', 67.99, 'USD', 67.99, 0.00, 'USD', 'auth', 'Authorization', 'failed', 'Fail', N'GITHUB, INC.           SAN FRANCISCOCAUS', N'Card auth', DATEADD(DAY, -20, GETUTCDATE()));
INSERT INTO dbo.tblT_Card_Transaction (CardNo, TradeNo, OriginTradeNo, Currency, Amount, AuthorizedCurrency, AuthorizedAmount, Fee, FeeCurrency, Type, TypeStr, Status, StatusStr, MerchantName, Description, TransactionTime) VALUES ('4024001000000004', '5EEDTXN000403', '5EEDTXN000403', 'USD', 74.99, 'USD', 74.99, 0.00, 'USD', 'auth', 'Authorization', 'authorized', 'Authorized', N'AMAZON WEB SERVICES    SEATTLE      WAUS', N'Card auth', DATEADD(DAY, -19, GETUTCDATE()));
INSERT INTO dbo.tblT_Card_Transaction (CardNo, TradeNo, OriginTradeNo, Currency, Amount, AuthorizedCurrency, AuthorizedAmount, Fee, FeeCurrency, Type, TypeStr, Status, StatusStr, MerchantName, Description, TransactionTime) VALUES ('4024001000000004', '5EEDTXN000404', '5EEDTXN000404', 'USD', 81.99, 'USD', 81.99, 0.00, 'USD', 'auth', 'Authorization', 'authorized', 'Authorized', N'GOOGLE *WORKSPACE      Dublin         IE', N'Card auth', DATEADD(DAY, -18, GETUTCDATE()));
INSERT INTO dbo.tblT_Card_Transaction (CardNo, TradeNo, OriginTradeNo, Currency, Amount, AuthorizedCurrency, AuthorizedAmount, Fee, FeeCurrency, Type, TypeStr, Status, StatusStr, MerchantName, Description, TransactionTime) VALUES ('4024001000000004', '5EEDTXN000405', '5EEDTXN000405', 'USD', 88.99, 'USD', 88.99, 0.00, 'USD', 'auth', 'Authorization', 'authorized', 'Authorized', N'DNH*GODADDY.COM        AMSTERDAM      NL', N'Card auth', DATEADD(DAY, -17, GETUTCDATE()));
INSERT INTO dbo.tblT_Card_Transaction (CardNo, TradeNo, OriginTradeNo, Currency, Amount, AuthorizedCurrency, AuthorizedAmount, Fee, FeeCurrency, Type, TypeStr, Status, StatusStr, MerchantName, Description, TransactionTime) VALUES ('4024001000000004', '5EEDTXN000406', '5EEDTXN000406', 'USD', 0.00, 'USD', 0.00, 0.00, 'USD', 'verification', 'Verification', 'succeed', 'Succeed', N'GOOGLE *WORKSPACE      Dublin         IE', N'Card verification', DATEADD(DAY, -16, GETUTCDATE()));
INSERT INTO dbo.tblT_Card_Transaction (CardNo, TradeNo, OriginTradeNo, Currency, Amount, AuthorizedCurrency, AuthorizedAmount, Fee, FeeCurrency, Type, TypeStr, Status, StatusStr, MerchantName, Description, TransactionTime) VALUES ('4024001000000004', '5EEDTXN000407', '5EEDTXN000407', 'USD', 0.50, 'USD', 0.50, 0.00, 'USD', 'maintain_fee', 'Card fee', 'succeed', 'Succeed', N'GOOGLE *WORKSPACE      Dublin         IE', N'Card maintain_fee', DATEADD(DAY, -15, GETUTCDATE()));
INSERT INTO dbo.tblT_Card_Transaction (CardNo, TradeNo, OriginTradeNo, Currency, Amount, AuthorizedCurrency, AuthorizedAmount, Fee, FeeCurrency, Type, TypeStr, Status, StatusStr, MerchantName, Description, TransactionTime) VALUES ('4024001000000004', '5EEDTXN000408', '5EEDTXN000408', 'USD', 13.00, 'USD', 13.00, 0.00, 'USD', 'Void', 'Reversal', 'succeed', 'Succeed', N'NAME-CHEAP.COM* 7K2Q9X PHOENIX      AZUS', N'Card Void', DATEADD(DAY, -14, GETUTCDATE()));
INSERT INTO dbo.tblT_Card_Deposit (ID, UserID, OrderNo, CardNo, Network, Symbol, Currency, Amount, Fee, Total, ReceivedAmount, Type, Status, DateTransaction, Address, Txhash) VALUES (N'5eedcd55-0000-0000-0001-000000000004', N'5eedaaaa-0000-0000-0000-000000000002', '5EEDDEPO000401', '4024001000000004', 'TRC20', 'USDT', 'USD', 150.00, 4.50, 154.50, 150.00, 'Crypto', 'success', DATEADD(DAY, -21, GETUTCDATE()), 'TDEVSEEDDEP00000000000000000000041', '5eeddep000401000000000000000000000000000000000000000000000000000');
INSERT INTO dbo.tblT_Card_Balance (ID, CardNo, Amount, UsedAmount, Currency) VALUES (N'5eedcb44-0000-0000-0000-000000000004', '4024001000000004', 0.00, 306.96, 'USD');

-- ---- user #3 (Mia Park) ----
INSERT INTO dbo.tblM_User (UserID, Email, FirstName, LastName, Password, RoleID, Phone, isActive, isVerified, isBanned, DateJoin) VALUES (N'5eedaaaa-0000-0000-0000-000000000003', N'dev.user03@synthetic.kash.local', N'Mia', N'Park', N'DEV-SYNTHETIC-NO-LOGIN', 'role-owner', '+15005550003', 1, 1, 0, DATEADD(DAY, -38, GETUTCDATE()));
INSERT INTO dbo.tblM_User_Commission     (CommissionID, UserID, Commission, DateCreated) VALUES (N'5eedc011-0000-0000-0000-000000000003', N'5eedaaaa-0000-0000-0000-000000000003', 0.1, DATEADD(DAY, -38, GETUTCDATE()));
INSERT INTO dbo.tblM_User_Referral       (UserID, Code, DateCreated) VALUES (N'5eedaaaa-0000-0000-0000-000000000003', 'DEV00003', DATEADD(DAY, -38, GETUTCDATE()));
INSERT INTO dbo.tblM_User_Crypto_Deposit (ID, UserID, NetworkID, Address, isActive, DateCreated) VALUES (N'5eedcd22-0000-0000-0000-000000000003', N'5eedaaaa-0000-0000-0000-000000000003', 'F580A411-0E37-4287-B975-408172A2B4BF', 'TDEVSEED000000000000000000000000003', 1, DATEADD(DAY, -38, GETUTCDATE()));
INSERT INTO dbo.tblH_User_Balance (UserID, BalanceID, TransactionID, Type, BalancePrevious, Amount, Commision, CommisionInPercentage, Balance, CreatedDate, Status) VALUES (N'5eedaaaa-0000-0000-0000-000000000003', N'5eedba33-0000-0000-0000-000000000003', N'5EED-003-01-CRY', 'Crypto Deposit', 0.00, 311.00, 0, 0, 311.00, DATEADD(DAY, -37, GETUTCDATE()), 'Completed');
INSERT INTO dbo.tblH_User_Balance (UserID, BalanceID, TransactionID, Type, BalancePrevious, Amount, Commision, CommisionInPercentage, Balance, CreatedDate, Status) VALUES (N'5eedaaaa-0000-0000-0000-000000000003', N'5eedba33-0000-0000-0000-000000000003', N'5EED-003-02-CAR', 'Card Open', 311.00, -10.00, 0, 0, 301.00, DATEADD(DAY, -36, GETUTCDATE()), 'Completed');
INSERT INTO dbo.tblM_User_Balance (BalanceID, UserID, Currency, Balance, isActive, DateCreated) VALUES (N'5eedba33-0000-0000-0000-000000000003', N'5eedaaaa-0000-0000-0000-000000000003', 'USDT', 301.00, 1, DATEADD(DAY, -38, GETUTCDATE()));
INSERT INTO dbo.tblT_Card (ID, UserID, CardTypeId, CardNo, CardNumber, CVV, ValidPeriod, Currency, Price, Total, Status, isActive, DateCreated) VALUES (N'5eedca01-0000-0000-0000-000000000003', N'5eedaaaa-0000-0000-0000-000000000003', 111028, '4024001000000005', N'4024 00** **** 0005', '135', '06/29', 'USD', 10.00, 10.00, 'active', 1, DATEADD(DAY, -33, GETUTCDATE()));
INSERT INTO dbo.tblT_Card_Transaction (CardNo, TradeNo, OriginTradeNo, Currency, Amount, AuthorizedCurrency, AuthorizedAmount, Fee, FeeCurrency, Type, TypeStr, Status, StatusStr, MerchantName, Description, TransactionTime) VALUES ('4024001000000005', '5EEDTXN000501', '5EEDTXN000501', 'USD', 73.99, 'USD', 73.99, 0.00, 'USD', 'auth', 'Authorization', 'authorized', 'Authorized', N'GOOGLE *WORKSPACE      Dublin         IE', N'Card auth', DATEADD(DAY, -32, GETUTCDATE()));
INSERT INTO dbo.tblT_Card_Transaction (CardNo, TradeNo, OriginTradeNo, Currency, Amount, AuthorizedCurrency, AuthorizedAmount, Fee, FeeCurrency, Type, TypeStr, Status, StatusStr, MerchantName, Description, TransactionTime) VALUES ('4024001000000005', '5EEDTXN000502', '5EEDTXN000502', 'USD', 80.99, 'USD', 80.99, 0.00, 'USD', 'auth', 'Authorization', 'failed', 'Fail', N'DNH*GODADDY.COM        AMSTERDAM      NL', N'Card auth', DATEADD(DAY, -31, GETUTCDATE()));
INSERT INTO dbo.tblT_Card_Transaction (CardNo, TradeNo, OriginTradeNo, Currency, Amount, AuthorizedCurrency, AuthorizedAmount, Fee, FeeCurrency, Type, TypeStr, Status, StatusStr, MerchantName, Description, TransactionTime) VALUES ('4024001000000005', '5EEDTXN000503', '5EEDTXN000503', 'USD', 87.99, 'USD', 87.99, 0.00, 'USD', 'auth', 'Authorization', 'authorized', 'Authorized', N'NAME-CHEAP.COM* 7K2Q9X PHOENIX      AZUS', N'Card auth', DATEADD(DAY, -30, GETUTCDATE()));
INSERT INTO dbo.tblT_Card_Transaction (CardNo, TradeNo, OriginTradeNo, Currency, Amount, AuthorizedCurrency, AuthorizedAmount, Fee, FeeCurrency, Type, TypeStr, Status, StatusStr, MerchantName, Description, TransactionTime) VALUES ('4024001000000005', '5EEDTXN000504', '5EEDTXN000504', 'USD', 94.99, 'USD', 94.99, 0.00, 'USD', 'auth', 'Authorization', 'authorized', 'Authorized', N'HOSTINGER* HOSTINGER.C WILMINGTON   DEUS', N'Card auth', DATEADD(DAY, -29, GETUTCDATE()));
INSERT INTO dbo.tblT_Card_Transaction (CardNo, TradeNo, OriginTradeNo, Currency, Amount, AuthorizedCurrency, AuthorizedAmount, Fee, FeeCurrency, Type, TypeStr, Status, StatusStr, MerchantName, Description, TransactionTime) VALUES ('4024001000000005', '5EEDTXN000505', '5EEDTXN000505', 'USD', 101.99, 'USD', 101.99, 0.00, 'USD', 'auth', 'Authorization', 'authorized', 'Authorized', N'CLOUDFLARE             SAN FRANCISCOCAUS', N'Card auth', DATEADD(DAY, -28, GETUTCDATE()));
INSERT INTO dbo.tblT_Card_Transaction (CardNo, TradeNo, OriginTradeNo, Currency, Amount, AuthorizedCurrency, AuthorizedAmount, Fee, FeeCurrency, Type, TypeStr, Status, StatusStr, MerchantName, Description, TransactionTime) VALUES ('4024001000000005', '5EEDTXN000506', '5EEDTXN000506', 'IDR', 20821.00, 'USD', 1.26, 0.00, 'USD', 'auth', 'Authorization', 'authorized', 'Authorized', N'AGODA.COM              Berlin         DE', N'Card auth', DATEADD(DAY, -27, GETUTCDATE()));
INSERT INTO dbo.tblT_Card_Transaction (CardNo, TradeNo, OriginTradeNo, Currency, Amount, AuthorizedCurrency, AuthorizedAmount, Fee, FeeCurrency, Type, TypeStr, Status, StatusStr, MerchantName, Description, TransactionTime) VALUES ('4024001000000005', '5EEDTXN000507', '5EEDTXN000507', 'USD', 0.00, 'USD', 0.00, 0.00, 'USD', 'verification', 'Verification', 'succeed', 'Succeed', N'DNH*GODADDY.COM        AMSTERDAM      NL', N'Card verification', DATEADD(DAY, -26, GETUTCDATE()));
INSERT INTO dbo.tblT_Card_Transaction (CardNo, TradeNo, OriginTradeNo, Currency, Amount, AuthorizedCurrency, AuthorizedAmount, Fee, FeeCurrency, Type, TypeStr, Status, StatusStr, MerchantName, Description, TransactionTime) VALUES ('4024001000000005', '5EEDTXN000508', '5EEDTXN000508', 'USD', 0.50, 'USD', 0.50, 0.00, 'USD', 'maintain_fee', 'Card fee', 'succeed', 'Succeed', N'DNH*GODADDY.COM        AMSTERDAM      NL', N'Card maintain_fee', DATEADD(DAY, -25, GETUTCDATE()));
INSERT INTO dbo.tblT_Card_Deposit (ID, UserID, OrderNo, CardNo, Network, Symbol, Currency, Amount, Fee, Total, ReceivedAmount, Type, Status, DateTransaction, Address, Txhash) VALUES (N'5eedcd55-0000-0000-0001-000000000005', N'5eedaaaa-0000-0000-0000-000000000003', '5EEDDEPO000501', '4024001000000005', 'TRC20', 'USDT', 'USD', 50.00, 1.50, 51.50, 50.00, 'Crypto', 'success', DATEADD(DAY, -32, GETUTCDATE()), 'TDEVSEEDDEP00000000000000000000051', '5eeddep000501000000000000000000000000000000000000000000000000000');
INSERT INTO dbo.tblT_Card_Deposit (ID, UserID, OrderNo, CardNo, Network, Symbol, Currency, Amount, Fee, Total, ReceivedAmount, Type, Status, DateTransaction, Address, Txhash) VALUES (N'5eedcd55-0000-0000-0002-000000000005', N'5eedaaaa-0000-0000-0000-000000000003', '5EEDDEPO000502', '4024001000000005', 'TRC20', 'USDT', 'USD', 100.00, 3.00, 103.00, 100.00, 'Crypto', 'success', DATEADD(DAY, -28, GETUTCDATE()), 'TDEVSEEDDEP00000000000000000000052', '5eeddep000502000000000000000000000000000000000000000000000000000');
INSERT INTO dbo.tblT_Card_Balance (ID, CardNo, Amount, UsedAmount, Currency) VALUES (N'5eedcb44-0000-0000-0000-000000000005', '4024001000000005', 0.00, 360.22, 'USD');

-- ---- user #4 (Noah Moreno) ----
INSERT INTO dbo.tblM_User (UserID, Email, FirstName, LastName, Password, RoleID, Phone, isActive, isVerified, isBanned, DateJoin) VALUES (N'5eedaaaa-0000-0000-0000-000000000004', N'dev.user04@synthetic.kash.local', N'Noah', N'Moreno', N'DEV-SYNTHETIC-NO-LOGIN', 'role-owner', '+15005550004', 1, 1, 0, DATEADD(DAY, -49, GETUTCDATE()));
INSERT INTO dbo.tblM_User_Commission     (CommissionID, UserID, Commission, DateCreated) VALUES (N'5eedc011-0000-0000-0000-000000000004', N'5eedaaaa-0000-0000-0000-000000000004', 0.1, DATEADD(DAY, -49, GETUTCDATE()));
INSERT INTO dbo.tblM_User_Referral       (UserID, Code, DateCreated) VALUES (N'5eedaaaa-0000-0000-0000-000000000004', 'DEV00004', DATEADD(DAY, -49, GETUTCDATE()));
INSERT INTO dbo.tblM_User_Crypto_Deposit (ID, UserID, NetworkID, Address, isActive, DateCreated) VALUES (N'5eedcd22-0000-0000-0000-000000000004', N'5eedaaaa-0000-0000-0000-000000000004', 'F580A411-0E37-4287-B975-408172A2B4BF', 'TDEVSEED000000000000000000000000004', 1, DATEADD(DAY, -49, GETUTCDATE()));
INSERT INTO dbo.tblH_User_Balance (UserID, BalanceID, TransactionID, Type, BalancePrevious, Amount, Commision, CommisionInPercentage, Balance, CreatedDate, Status) VALUES (N'5eedaaaa-0000-0000-0000-000000000004', N'5eedba33-0000-0000-0000-000000000004', N'5EED-004-01-CRY', 'Crypto Deposit', 0.00, 348.00, 0, 0, 348.00, DATEADD(DAY, -48, GETUTCDATE()), 'Completed');
INSERT INTO dbo.tblH_User_Balance (UserID, BalanceID, TransactionID, Type, BalancePrevious, Amount, Commision, CommisionInPercentage, Balance, CreatedDate, Status) VALUES (N'5eedaaaa-0000-0000-0000-000000000004', N'5eedba33-0000-0000-0000-000000000004', N'5EED-004-02-CRY', 'Crypto Deposit', 348.00, 202.00, 0, 0, 550.00, DATEADD(DAY, -20, GETUTCDATE()), 'Completed');
INSERT INTO dbo.tblH_User_Balance (UserID, BalanceID, TransactionID, Type, BalancePrevious, Amount, Commision, CommisionInPercentage, Balance, CreatedDate, Status) VALUES (N'5eedaaaa-0000-0000-0000-000000000004', N'5eedba33-0000-0000-0000-000000000004', N'5EED-004-03-CAR', 'Card Open', 550.00, -10.00, 0, 0, 540.00, DATEADD(DAY, -47, GETUTCDATE()), 'Completed');
INSERT INTO dbo.tblM_User_Balance (BalanceID, UserID, Currency, Balance, isActive, DateCreated) VALUES (N'5eedba33-0000-0000-0000-000000000004', N'5eedaaaa-0000-0000-0000-000000000004', 'USDT', 540.00, 1, DATEADD(DAY, -49, GETUTCDATE()));
INSERT INTO dbo.tblT_Card (ID, UserID, CardTypeId, CardNo, CardNumber, CVV, ValidPeriod, Currency, Price, Total, Status, isActive, DateCreated) VALUES (N'5eedca01-0000-0000-0000-000000000004', N'5eedaaaa-0000-0000-0000-000000000004', 111028, '4024001000000006', N'4024 00** **** 0006', '142', '07/29', 'USD', 10.00, 10.00, 'active', 1, DATEADD(DAY, -44, GETUTCDATE()));
INSERT INTO dbo.tblT_Card_Transaction (CardNo, TradeNo, OriginTradeNo, Currency, Amount, AuthorizedCurrency, AuthorizedAmount, Fee, FeeCurrency, Type, TypeStr, Status, StatusStr, MerchantName, Description, TransactionTime) VALUES ('4024001000000006', '5EEDTXN000601', '5EEDTXN000601', 'USD', 86.99, 'USD', 86.99, 0.00, 'USD', 'auth', 'Authorization', 'authorized', 'Authorized', N'HOSTINGER* HOSTINGER.C WILMINGTON   DEUS', N'Card auth', DATEADD(DAY, -43, GETUTCDATE()));
INSERT INTO dbo.tblT_Card_Transaction (CardNo, TradeNo, OriginTradeNo, Currency, Amount, AuthorizedCurrency, AuthorizedAmount, Fee, FeeCurrency, Type, TypeStr, Status, StatusStr, MerchantName, Description, TransactionTime) VALUES ('4024001000000006', '5EEDTXN000602', '5EEDTXN000602', 'USD', 93.99, 'USD', 93.99, 0.00, 'USD', 'auth', 'Authorization', 'failed', 'Fail', N'CLOUDFLARE             SAN FRANCISCOCAUS', N'Card auth', DATEADD(DAY, -42, GETUTCDATE()));
INSERT INTO dbo.tblT_Card_Transaction (CardNo, TradeNo, OriginTradeNo, Currency, Amount, AuthorizedCurrency, AuthorizedAmount, Fee, FeeCurrency, Type, TypeStr, Status, StatusStr, MerchantName, Description, TransactionTime) VALUES ('4024001000000006', '5EEDTXN000603', '5EEDTXN000603', 'IDR', 20435.00, 'USD', 1.24, 0.00, 'USD', 'auth', 'Authorization', 'authorized', 'Authorized', N'AGODA.COM              Berlin         DE', N'Card auth', DATEADD(DAY, -41, GETUTCDATE()));
INSERT INTO dbo.tblT_Card_Transaction (CardNo, TradeNo, OriginTradeNo, Currency, Amount, AuthorizedCurrency, AuthorizedAmount, Fee, FeeCurrency, Type, TypeStr, Status, StatusStr, MerchantName, Description, TransactionTime) VALUES ('4024001000000006', '5EEDTXN000604', '5EEDTXN000604', 'PHP', 478.00, 'USD', 8.24, 0.00, 'USD', 'auth', 'Authorization', 'authorized', 'Authorized', N'DLOCAL *Starlink Phili Manila         PH', N'Card auth', DATEADD(DAY, -40, GETUTCDATE()));
INSERT INTO dbo.tblT_Card_Transaction (CardNo, TradeNo, OriginTradeNo, Currency, Amount, AuthorizedCurrency, AuthorizedAmount, Fee, FeeCurrency, Type, TypeStr, Status, StatusStr, MerchantName, Description, TransactionTime) VALUES ('4024001000000006', '5EEDTXN000605', '5EEDTXN000605', 'USD', 0.00, 'USD', 0.00, 0.00, 'USD', 'verification', 'Verification', 'succeed', 'Succeed', N'NAME-CHEAP.COM* 7K2Q9X PHOENIX      AZUS', N'Card verification', DATEADD(DAY, -39, GETUTCDATE()));
INSERT INTO dbo.tblT_Card_Transaction (CardNo, TradeNo, OriginTradeNo, Currency, Amount, AuthorizedCurrency, AuthorizedAmount, Fee, FeeCurrency, Type, TypeStr, Status, StatusStr, MerchantName, Description, TransactionTime) VALUES ('4024001000000006', '5EEDTXN000606', '5EEDTXN000606', 'USD', 0.50, 'USD', 0.50, 0.00, 'USD', 'maintain_fee', 'Card fee', 'succeed', 'Succeed', N'NAME-CHEAP.COM* 7K2Q9X PHOENIX      AZUS', N'Card maintain_fee', DATEADD(DAY, -38, GETUTCDATE()));
INSERT INTO dbo.tblT_Card_Transaction (CardNo, TradeNo, OriginTradeNo, Currency, Amount, AuthorizedCurrency, AuthorizedAmount, Fee, FeeCurrency, Type, TypeStr, Status, StatusStr, MerchantName, Description, TransactionTime) VALUES ('4024001000000006', '5EEDTXN000607', '5EEDTXN000607', 'USD', 11.00, 'USD', 11.00, 0.00, 'USD', 'refund', 'Refund', 'succeed', 'Success', N'HOSTINGER* HOSTINGER.C WILMINGTON   DEUS', N'Card refund', DATEADD(DAY, -37, GETUTCDATE()));
INSERT INTO dbo.tblT_Card_Deposit (ID, UserID, OrderNo, CardNo, Network, Symbol, Currency, Amount, Fee, Total, ReceivedAmount, Type, Status, DateTransaction, Address, Txhash) VALUES (N'5eedcd55-0000-0000-0001-000000000006', N'5eedaaaa-0000-0000-0000-000000000004', '5EEDDEPO000601', '4024001000000006', 'TRC20', 'USDT', 'USD', 100.00, 3.00, 103.00, 100.00, 'Crypto', 'success', DATEADD(DAY, -43, GETUTCDATE()), 'TDEVSEEDDEP00000000000000000000061', '5eeddep000601000000000000000000000000000000000000000000000000000');
INSERT INTO dbo.tblT_Card_Balance (ID, CardNo, Amount, UsedAmount, Currency) VALUES (N'5eedcb44-0000-0000-0000-000000000006', '4024001000000006', 3.53, 96.47, 'USD');

-- ---- user #5 (Emma Tan) ----
INSERT INTO dbo.tblM_User (UserID, Email, FirstName, LastName, Password, RoleID, Phone, isActive, isVerified, isBanned, DateJoin) VALUES (N'5eedaaaa-0000-0000-0000-000000000005', N'dev.user05@synthetic.kash.local', N'Emma', N'Tan', N'DEV-SYNTHETIC-NO-LOGIN', 'role-owner', '+15005550005', 1, 1, 0, DATEADD(DAY, -60, GETUTCDATE()));
INSERT INTO dbo.tblM_User_Commission     (CommissionID, UserID, Commission, DateCreated) VALUES (N'5eedc011-0000-0000-0000-000000000005', N'5eedaaaa-0000-0000-0000-000000000005', 0.1, DATEADD(DAY, -60, GETUTCDATE()));
INSERT INTO dbo.tblM_User_Referral       (UserID, Code, DateCreated) VALUES (N'5eedaaaa-0000-0000-0000-000000000005', 'DEV00005', DATEADD(DAY, -60, GETUTCDATE()));
INSERT INTO dbo.tblM_User_Crypto_Deposit (ID, UserID, NetworkID, Address, isActive, DateCreated) VALUES (N'5eedcd22-0000-0000-0000-000000000005', N'5eedaaaa-0000-0000-0000-000000000005', 'F580A411-0E37-4287-B975-408172A2B4BF', 'TDEVSEED000000000000000000000000005', 1, DATEADD(DAY, -60, GETUTCDATE()));
INSERT INTO dbo.tblM_User_Balance (BalanceID, UserID, Currency, Balance, isActive, DateCreated) VALUES (N'5eedba33-0000-0000-0000-000000000005', N'5eedaaaa-0000-0000-0000-000000000005', 'USDT', 0.00, 1, DATEADD(DAY, -60, GETUTCDATE()));

-- ---- user #6 (Ethan Cruz) ----
INSERT INTO dbo.tblM_User (UserID, Email, FirstName, LastName, Password, RoleID, Phone, isActive, isVerified, isBanned, DateJoin) VALUES (N'5eedaaaa-0000-0000-0000-000000000006', N'dev.user06@synthetic.kash.local', N'Ethan', N'Cruz', N'DEV-SYNTHETIC-NO-LOGIN', 'role-owner', '+15005550006', 1, 1, 0, DATEADD(DAY, -71, GETUTCDATE()));
INSERT INTO dbo.tblM_User_Commission     (CommissionID, UserID, Commission, DateCreated) VALUES (N'5eedc011-0000-0000-0000-000000000006', N'5eedaaaa-0000-0000-0000-000000000006', 0.1, DATEADD(DAY, -71, GETUTCDATE()));
INSERT INTO dbo.tblM_User_Referral       (UserID, Code, DateCreated) VALUES (N'5eedaaaa-0000-0000-0000-000000000006', 'DEV00006', DATEADD(DAY, -71, GETUTCDATE()));
INSERT INTO dbo.tblM_User_Crypto_Deposit (ID, UserID, NetworkID, Address, isActive, DateCreated) VALUES (N'5eedcd22-0000-0000-0000-000000000006', N'5eedaaaa-0000-0000-0000-000000000006', 'F580A411-0E37-4287-B975-408172A2B4BF', 'TDEVSEED000000000000000000000000006', 1, DATEADD(DAY, -71, GETUTCDATE()));
INSERT INTO dbo.tblH_User_Balance (UserID, BalanceID, TransactionID, Type, BalancePrevious, Amount, Commision, CommisionInPercentage, Balance, CreatedDate, Status) VALUES (N'5eedaaaa-0000-0000-0000-000000000006', N'5eedba33-0000-0000-0000-000000000006', N'5EED-006-01-CRY', 'Crypto Deposit', 0.00, 422.00, 0, 0, 422.00, DATEADD(DAY, -70, GETUTCDATE()), 'Completed');
INSERT INTO dbo.tblH_User_Balance (UserID, BalanceID, TransactionID, Type, BalancePrevious, Amount, Commision, CommisionInPercentage, Balance, CreatedDate, Status) VALUES (N'5eedaaaa-0000-0000-0000-000000000006', N'5eedba33-0000-0000-0000-000000000006', N'5EED-006-02-CAR', 'Card Open', 422.00, -10.00, 0, 0, 412.00, DATEADD(DAY, -69, GETUTCDATE()), 'Completed');
INSERT INTO dbo.tblH_User_Balance (UserID, BalanceID, TransactionID, Type, BalancePrevious, Amount, Commision, CommisionInPercentage, Balance, CreatedDate, Status) VALUES (N'5eedaaaa-0000-0000-0000-000000000006', N'5eedba33-0000-0000-0000-000000000006', N'5EED-006-03-CAR', 'Card Open', 412.00, -10.00, 0, 0, 402.00, DATEADD(DAY, -66, GETUTCDATE()), 'Completed');
INSERT INTO dbo.tblM_User_Balance (BalanceID, UserID, Currency, Balance, isActive, DateCreated) VALUES (N'5eedba33-0000-0000-0000-000000000006', N'5eedaaaa-0000-0000-0000-000000000006', 'USDT', 402.00, 1, DATEADD(DAY, -71, GETUTCDATE()));
INSERT INTO dbo.tblT_Card (ID, UserID, CardTypeId, CardNo, CardNumber, CVV, ValidPeriod, Currency, Price, Total, Status, isActive, DateCreated) VALUES (N'5eedca01-0000-0000-0000-000000000006', N'5eedaaaa-0000-0000-0000-000000000006', 111028, '4024001000000007', N'4024 00** **** 0007', '149', '08/29', 'USD', 10.00, 10.00, 'active', 1, DATEADD(DAY, -66, GETUTCDATE()));
INSERT INTO dbo.tblT_Card_Transaction (CardNo, TradeNo, OriginTradeNo, Currency, Amount, AuthorizedCurrency, AuthorizedAmount, Fee, FeeCurrency, Type, TypeStr, Status, StatusStr, MerchantName, Description, TransactionTime) VALUES ('4024001000000007', '5EEDTXN000701', '5EEDTXN000701', 'PHP', 330.00, 'USD', 5.69, 0.00, 'USD', 'auth', 'Authorization', 'authorized', 'Authorized', N'DLOCAL *Starlink Phili Manila         PH', N'Card auth', DATEADD(DAY, -65, GETUTCDATE()));
INSERT INTO dbo.tblT_Card_Transaction (CardNo, TradeNo, OriginTradeNo, Currency, Amount, AuthorizedCurrency, AuthorizedAmount, Fee, FeeCurrency, Type, TypeStr, Status, StatusStr, MerchantName, Description, TransactionTime) VALUES ('4024001000000007', '5EEDTXN000702', '5EEDTXN000702', 'HKD', 113.00, 'USD', 14.49, 0.00, 'USD', 'auth', 'Authorization', 'failed', 'Fail', N'LAYERSTACK             CHEUNG SHA WA  HK', N'Card auth', DATEADD(DAY, -64, GETUTCDATE()));
INSERT INTO dbo.tblT_Card_Transaction (CardNo, TradeNo, OriginTradeNo, Currency, Amount, AuthorizedCurrency, AuthorizedAmount, Fee, FeeCurrency, Type, TypeStr, Status, StatusStr, MerchantName, Description, TransactionTime) VALUES ('4024001000000007', '5EEDTXN000703', '5EEDTXN000703', 'USD', 113.99, 'USD', 113.99, 0.00, 'USD', 'auth', 'Authorization', 'authorized', 'Authorized', N'ANTHROPIC* CLAUDE SUB  SAN FRANCISCOCAUS', N'Card auth', DATEADD(DAY, -63, GETUTCDATE()));
INSERT INTO dbo.tblT_Card_Transaction (CardNo, TradeNo, OriginTradeNo, Currency, Amount, AuthorizedCurrency, AuthorizedAmount, Fee, FeeCurrency, Type, TypeStr, Status, StatusStr, MerchantName, Description, TransactionTime) VALUES ('4024001000000007', '5EEDTXN000704', '5EEDTXN000704', 'USD', 120.99, 'USD', 120.99, 0.00, 'USD', 'auth', 'Authorization', 'authorized', 'Authorized', N'OPENAI         *CHATGPT SAN FRANCISCOCAUS', N'Card auth', DATEADD(DAY, -62, GETUTCDATE()));
INSERT INTO dbo.tblT_Card_Transaction (CardNo, TradeNo, OriginTradeNo, Currency, Amount, AuthorizedCurrency, AuthorizedAmount, Fee, FeeCurrency, Type, TypeStr, Status, StatusStr, MerchantName, Description, TransactionTime) VALUES ('4024001000000007', '5EEDTXN000705', '5EEDTXN000705', 'USD', 7.99, 'USD', 7.99, 0.00, 'USD', 'auth', 'Authorization', 'authorized', 'Authorized', N'GITHUB, INC.           SAN FRANCISCOCAUS', N'Card auth', DATEADD(DAY, -61, GETUTCDATE()));
INSERT INTO dbo.tblT_Card_Transaction (CardNo, TradeNo, OriginTradeNo, Currency, Amount, AuthorizedCurrency, AuthorizedAmount, Fee, FeeCurrency, Type, TypeStr, Status, StatusStr, MerchantName, Description, TransactionTime) VALUES ('4024001000000007', '5EEDTXN000706', '5EEDTXN000706', 'USD', 0.00, 'USD', 0.00, 0.00, 'USD', 'verification', 'Verification', 'succeed', 'Succeed', N'HOSTINGER* HOSTINGER.C WILMINGTON   DEUS', N'Card verification', DATEADD(DAY, -60, GETUTCDATE()));
INSERT INTO dbo.tblT_Card_Transaction (CardNo, TradeNo, OriginTradeNo, Currency, Amount, AuthorizedCurrency, AuthorizedAmount, Fee, FeeCurrency, Type, TypeStr, Status, StatusStr, MerchantName, Description, TransactionTime) VALUES ('4024001000000007', '5EEDTXN000707', '5EEDTXN000707', 'USD', 0.50, 'USD', 0.50, 0.00, 'USD', 'maintain_fee', 'Card fee', 'succeed', 'Succeed', N'HOSTINGER* HOSTINGER.C WILMINGTON   DEUS', N'Card maintain_fee', DATEADD(DAY, -59, GETUTCDATE()));
INSERT INTO dbo.tblT_Card_Deposit (ID, UserID, OrderNo, CardNo, Network, Symbol, Currency, Amount, Fee, Total, ReceivedAmount, Type, Status, DateTransaction, Address, Txhash) VALUES (N'5eedcd55-0000-0000-0001-000000000007', N'5eedaaaa-0000-0000-0000-000000000006', '5EEDDEPO000701', '4024001000000007', 'TRC20', 'USDT', 'USD', 150.00, 4.50, 154.50, 150.00, 'Crypto', 'success', DATEADD(DAY, -65, GETUTCDATE()), 'TDEVSEEDDEP00000000000000000000071', '5eeddep000701000000000000000000000000000000000000000000000000000');
INSERT INTO dbo.tblT_Card_Deposit (ID, UserID, OrderNo, CardNo, Network, Symbol, Currency, Amount, Fee, Total, ReceivedAmount, Type, Status, DateTransaction, Address, Txhash) VALUES (N'5eedcd55-0000-0000-0002-000000000007', N'5eedaaaa-0000-0000-0000-000000000006', '5EEDDEPO000702', '4024001000000007', 'TRC20', 'USDT', 'USD', 50.00, 1.50, 51.50, 50.00, 'Crypto', 'expired', DATEADD(DAY, -61, GETUTCDATE()), 'TDEVSEEDDEP00000000000000000000072', NULL);
INSERT INTO dbo.tblT_Card_Balance (ID, CardNo, Amount, UsedAmount, Currency) VALUES (N'5eedcb44-0000-0000-0000-000000000007', '4024001000000007', 0.00, 248.66, 'USD');
INSERT INTO dbo.tblT_Card (ID, UserID, CardTypeId, CardNo, CardNumber, CVV, ValidPeriod, Currency, Price, Total, Status, isActive, DateCreated) VALUES (N'5eedca02-0000-0000-0000-000000000006', N'5eedaaaa-0000-0000-0000-000000000006', 111028, '4024001000000008', N'4024 00** **** 0008', '156', '09/30', 'USD', 10.00, 10.00, 'cancelled', 0, DATEADD(DAY, -63, GETUTCDATE()));
INSERT INTO dbo.tblT_Card_Transaction (CardNo, TradeNo, OriginTradeNo, Currency, Amount, AuthorizedCurrency, AuthorizedAmount, Fee, FeeCurrency, Type, TypeStr, Status, StatusStr, MerchantName, Description, TransactionTime) VALUES ('4024001000000008', '5EEDTXN000801', '5EEDTXN000801', 'USD', 112.99, 'USD', 112.99, 0.00, 'USD', 'auth', 'Authorization', 'authorized', 'Authorized', N'OPENAI         *CHATGPT SAN FRANCISCOCAUS', N'Card auth', DATEADD(DAY, -62, GETUTCDATE()));
INSERT INTO dbo.tblT_Card_Transaction (CardNo, TradeNo, OriginTradeNo, Currency, Amount, AuthorizedCurrency, AuthorizedAmount, Fee, FeeCurrency, Type, TypeStr, Status, StatusStr, MerchantName, Description, TransactionTime) VALUES ('4024001000000008', '5EEDTXN000802', '5EEDTXN000802', 'USD', 119.99, 'USD', 119.99, 0.00, 'USD', 'auth', 'Authorization', 'failed', 'Fail', N'GITHUB, INC.           SAN FRANCISCOCAUS', N'Card auth', DATEADD(DAY, -61, GETUTCDATE()));
INSERT INTO dbo.tblT_Card_Transaction (CardNo, TradeNo, OriginTradeNo, Currency, Amount, AuthorizedCurrency, AuthorizedAmount, Fee, FeeCurrency, Type, TypeStr, Status, StatusStr, MerchantName, Description, TransactionTime) VALUES ('4024001000000008', '5EEDTXN000803', '5EEDTXN000803', 'USD', 6.99, 'USD', 6.99, 0.00, 'USD', 'auth', 'Authorization', 'authorized', 'Authorized', N'AMAZON WEB SERVICES    SEATTLE      WAUS', N'Card auth', DATEADD(DAY, -60, GETUTCDATE()));
INSERT INTO dbo.tblT_Card_Transaction (CardNo, TradeNo, OriginTradeNo, Currency, Amount, AuthorizedCurrency, AuthorizedAmount, Fee, FeeCurrency, Type, TypeStr, Status, StatusStr, MerchantName, Description, TransactionTime) VALUES ('4024001000000008', '5EEDTXN000804', '5EEDTXN000804', 'USD', 13.99, 'USD', 13.99, 0.00, 'USD', 'auth', 'Authorization', 'authorized', 'Authorized', N'GOOGLE *WORKSPACE      Dublin         IE', N'Card auth', DATEADD(DAY, -59, GETUTCDATE()));
INSERT INTO dbo.tblT_Card_Transaction (CardNo, TradeNo, OriginTradeNo, Currency, Amount, AuthorizedCurrency, AuthorizedAmount, Fee, FeeCurrency, Type, TypeStr, Status, StatusStr, MerchantName, Description, TransactionTime) VALUES ('4024001000000008', '5EEDTXN000805', '5EEDTXN000805', 'USD', 20.99, 'USD', 20.99, 0.00, 'USD', 'auth', 'Authorization', 'authorized', 'Authorized', N'DNH*GODADDY.COM        AMSTERDAM      NL', N'Card auth', DATEADD(DAY, -58, GETUTCDATE()));
INSERT INTO dbo.tblT_Card_Transaction (CardNo, TradeNo, OriginTradeNo, Currency, Amount, AuthorizedCurrency, AuthorizedAmount, Fee, FeeCurrency, Type, TypeStr, Status, StatusStr, MerchantName, Description, TransactionTime) VALUES ('4024001000000008', '5EEDTXN000806', '5EEDTXN000806', 'USD', 27.99, 'USD', 27.99, 0.00, 'USD', 'auth', 'Authorization', 'authorized', 'Authorized', N'NAME-CHEAP.COM* 7K2Q9X PHOENIX      AZUS', N'Card auth', DATEADD(DAY, -57, GETUTCDATE()));
INSERT INTO dbo.tblT_Card_Transaction (CardNo, TradeNo, OriginTradeNo, Currency, Amount, AuthorizedCurrency, AuthorizedAmount, Fee, FeeCurrency, Type, TypeStr, Status, StatusStr, MerchantName, Description, TransactionTime) VALUES ('4024001000000008', '5EEDTXN000807', '5EEDTXN000807', 'USD', 0.00, 'USD', 0.00, 0.00, 'USD', 'verification', 'Verification', 'succeed', 'Succeed', N'CLOUDFLARE             SAN FRANCISCOCAUS', N'Card verification', DATEADD(DAY, -56, GETUTCDATE()));
INSERT INTO dbo.tblT_Card_Transaction (CardNo, TradeNo, OriginTradeNo, Currency, Amount, AuthorizedCurrency, AuthorizedAmount, Fee, FeeCurrency, Type, TypeStr, Status, StatusStr, MerchantName, Description, TransactionTime) VALUES ('4024001000000008', '5EEDTXN000808', '5EEDTXN000808', 'USD', 0.50, 'USD', 0.50, 0.00, 'USD', 'maintain_fee', 'Card fee', 'succeed', 'Succeed', N'CLOUDFLARE             SAN FRANCISCOCAUS', N'Card maintain_fee', DATEADD(DAY, -55, GETUTCDATE()));
INSERT INTO dbo.tblT_Card_Transaction (CardNo, TradeNo, OriginTradeNo, Currency, Amount, AuthorizedCurrency, AuthorizedAmount, Fee, FeeCurrency, Type, TypeStr, Status, StatusStr, MerchantName, Description, TransactionTime) VALUES ('4024001000000008', '5EEDTXN000809', '5EEDTXN000809', 'USD', 17.00, 'USD', 17.00, 0.00, 'USD', 'Void', 'Reversal', 'succeed', 'Succeed', N'DLOCAL *Starlink Phili Manila         PH', N'Card Void', DATEADD(DAY, -54, GETUTCDATE()));
INSERT INTO dbo.tblT_Card_Deposit (ID, UserID, OrderNo, CardNo, Network, Symbol, Currency, Amount, Fee, Total, ReceivedAmount, Type, Status, DateTransaction, Address, Txhash) VALUES (N'5eedcd55-0000-0000-0001-000000000008', N'5eedaaaa-0000-0000-0000-000000000006', '5EEDDEPO000801', '4024001000000008', 'TRC20', 'USDT', 'USD', 50.00, 1.50, 51.50, 50.00, 'Crypto', 'success', DATEADD(DAY, -62, GETUTCDATE()), 'TDEVSEEDDEP00000000000000000000081', '5eeddep000801000000000000000000000000000000000000000000000000000');
INSERT INTO dbo.tblT_Card_Balance (ID, CardNo, Amount, UsedAmount, Currency) VALUES (N'5eedcb44-0000-0000-0000-000000000008', '4024001000000008', 17.05, 182.95, 'USD');

-- ---- user #7 (Sofia Nair) ----
INSERT INTO dbo.tblM_User (UserID, Email, FirstName, LastName, Password, RoleID, Phone, isActive, isVerified, isBanned, DateJoin) VALUES (N'5eedaaaa-0000-0000-0000-000000000007', N'dev.user07@synthetic.kash.local', N'Sofia', N'Nair', N'DEV-SYNTHETIC-NO-LOGIN', 'role-owner', '+15005550007', 1, 1, 0, DATEADD(DAY, -82, GETUTCDATE()));
INSERT INTO dbo.tblM_User_Commission     (CommissionID, UserID, Commission, DateCreated) VALUES (N'5eedc011-0000-0000-0000-000000000007', N'5eedaaaa-0000-0000-0000-000000000007', 0.1, DATEADD(DAY, -82, GETUTCDATE()));
INSERT INTO dbo.tblM_User_Referral       (UserID, Code, DateCreated) VALUES (N'5eedaaaa-0000-0000-0000-000000000007', 'DEV00007', DATEADD(DAY, -82, GETUTCDATE()));
INSERT INTO dbo.tblM_User_Crypto_Deposit (ID, UserID, NetworkID, Address, isActive, DateCreated) VALUES (N'5eedcd22-0000-0000-0000-000000000007', N'5eedaaaa-0000-0000-0000-000000000007', 'F580A411-0E37-4287-B975-408172A2B4BF', 'TDEVSEED000000000000000000000000007', 1, DATEADD(DAY, -82, GETUTCDATE()));
INSERT INTO dbo.tblH_User_Balance (UserID, BalanceID, TransactionID, Type, BalancePrevious, Amount, Commision, CommisionInPercentage, Balance, CreatedDate, Status) VALUES (N'5eedaaaa-0000-0000-0000-000000000007', N'5eedba33-0000-0000-0000-000000000007', N'5EED-007-01-CRY', 'Crypto Deposit', 0.00, 459.00, 0, 0, 459.00, DATEADD(DAY, -81, GETUTCDATE()), 'Completed');
INSERT INTO dbo.tblM_User_Balance (BalanceID, UserID, Currency, Balance, isActive, DateCreated) VALUES (N'5eedba33-0000-0000-0000-000000000007', N'5eedaaaa-0000-0000-0000-000000000007', 'USDT', 459.00, 1, DATEADD(DAY, -82, GETUTCDATE()));

-- ---- user #8 (Lucas Chen) ----
INSERT INTO dbo.tblM_User (UserID, Email, FirstName, LastName, Password, RoleID, Phone, isActive, isVerified, isBanned, DateJoin) VALUES (N'5eedaaaa-0000-0000-0000-000000000008', N'dev.user08@synthetic.kash.local', N'Lucas', N'Chen', N'DEV-SYNTHETIC-NO-LOGIN', 'role-owner', '+15005550008', 1, 1, 0, DATEADD(DAY, -93, GETUTCDATE()));
INSERT INTO dbo.tblM_User_Commission     (CommissionID, UserID, Commission, DateCreated) VALUES (N'5eedc011-0000-0000-0000-000000000008', N'5eedaaaa-0000-0000-0000-000000000008', 0.1, DATEADD(DAY, -93, GETUTCDATE()));
INSERT INTO dbo.tblM_User_Referral       (UserID, Code, DateCreated) VALUES (N'5eedaaaa-0000-0000-0000-000000000008', 'DEV00008', DATEADD(DAY, -93, GETUTCDATE()));
INSERT INTO dbo.tblM_User_Crypto_Deposit (ID, UserID, NetworkID, Address, isActive, DateCreated) VALUES (N'5eedcd22-0000-0000-0000-000000000008', N'5eedaaaa-0000-0000-0000-000000000008', 'F580A411-0E37-4287-B975-408172A2B4BF', 'TDEVSEED000000000000000000000000008', 1, DATEADD(DAY, -93, GETUTCDATE()));
INSERT INTO dbo.tblH_User_Balance (UserID, BalanceID, TransactionID, Type, BalancePrevious, Amount, Commision, CommisionInPercentage, Balance, CreatedDate, Status) VALUES (N'5eedaaaa-0000-0000-0000-000000000008', N'5eedba33-0000-0000-0000-000000000008', N'5EED-008-01-CRY', 'Crypto Deposit', 0.00, 496.00, 0, 0, 496.00, DATEADD(DAY, -92, GETUTCDATE()), 'Completed');
INSERT INTO dbo.tblH_User_Balance (UserID, BalanceID, TransactionID, Type, BalancePrevious, Amount, Commision, CommisionInPercentage, Balance, CreatedDate, Status) VALUES (N'5eedaaaa-0000-0000-0000-000000000008', N'5eedba33-0000-0000-0000-000000000008', N'5EED-008-02-CRY', 'Crypto Deposit', 496.00, 254.00, 0, 0, 750.00, DATEADD(DAY, -20, GETUTCDATE()), 'Completed');
INSERT INTO dbo.tblH_User_Balance (UserID, BalanceID, TransactionID, Type, BalancePrevious, Amount, Commision, CommisionInPercentage, Balance, CreatedDate, Status) VALUES (N'5eedaaaa-0000-0000-0000-000000000008', N'5eedba33-0000-0000-0000-000000000008', N'5EED-008-03-CAR', 'Card Open', 750.00, -10.00, 0, 0, 740.00, DATEADD(DAY, -91, GETUTCDATE()), 'Completed');
INSERT INTO dbo.tblM_User_Balance (BalanceID, UserID, Currency, Balance, isActive, DateCreated) VALUES (N'5eedba33-0000-0000-0000-000000000008', N'5eedaaaa-0000-0000-0000-000000000008', 'USDT', 740.00, 1, DATEADD(DAY, -93, GETUTCDATE()));
INSERT INTO dbo.tblT_Card (ID, UserID, CardTypeId, CardNo, CardNumber, CVV, ValidPeriod, Currency, Price, Total, Status, isActive, DateCreated) VALUES (N'5eedca01-0000-0000-0000-000000000008', N'5eedaaaa-0000-0000-0000-000000000008', 111028, '4024001000000009', N'4024 00** **** 0009', '163', '10/29', 'USD', 10.00, 10.00, 'active', 1, DATEADD(DAY, -88, GETUTCDATE()));
INSERT INTO dbo.tblT_Card_Transaction (CardNo, TradeNo, OriginTradeNo, Currency, Amount, AuthorizedCurrency, AuthorizedAmount, Fee, FeeCurrency, Type, TypeStr, Status, StatusStr, MerchantName, Description, TransactionTime) VALUES ('4024001000000009', '5EEDTXN000901', '5EEDTXN000901', 'USD', 5.99, 'USD', 5.99, 0.00, 'USD', 'auth', 'Authorization', 'authorized', 'Authorized', N'GOOGLE *WORKSPACE      Dublin         IE', N'Card auth', DATEADD(DAY, -87, GETUTCDATE()));
INSERT INTO dbo.tblT_Card_Transaction (CardNo, TradeNo, OriginTradeNo, Currency, Amount, AuthorizedCurrency, AuthorizedAmount, Fee, FeeCurrency, Type, TypeStr, Status, StatusStr, MerchantName, Description, TransactionTime) VALUES ('4024001000000009', '5EEDTXN000902', '5EEDTXN000902', 'USD', 12.99, 'USD', 12.99, 0.00, 'USD', 'auth', 'Authorization', 'failed', 'Fail', N'DNH*GODADDY.COM        AMSTERDAM      NL', N'Card auth', DATEADD(DAY, -86, GETUTCDATE()));
INSERT INTO dbo.tblT_Card_Transaction (CardNo, TradeNo, OriginTradeNo, Currency, Amount, AuthorizedCurrency, AuthorizedAmount, Fee, FeeCurrency, Type, TypeStr, Status, StatusStr, MerchantName, Description, TransactionTime) VALUES ('4024001000000009', '5EEDTXN000903', '5EEDTXN000903', 'USD', 19.99, 'USD', 19.99, 0.00, 'USD', 'auth', 'Authorization', 'authorized', 'Authorized', N'NAME-CHEAP.COM* 7K2Q9X PHOENIX      AZUS', N'Card auth', DATEADD(DAY, -85, GETUTCDATE()));
INSERT INTO dbo.tblT_Card_Transaction (CardNo, TradeNo, OriginTradeNo, Currency, Amount, AuthorizedCurrency, AuthorizedAmount, Fee, FeeCurrency, Type, TypeStr, Status, StatusStr, MerchantName, Description, TransactionTime) VALUES ('4024001000000009', '5EEDTXN000904', '5EEDTXN000904', 'USD', 26.99, 'USD', 26.99, 0.00, 'USD', 'auth', 'Authorization', 'authorized', 'Authorized', N'HOSTINGER* HOSTINGER.C WILMINGTON   DEUS', N'Card auth', DATEADD(DAY, -84, GETUTCDATE()));
INSERT INTO dbo.tblT_Card_Transaction (CardNo, TradeNo, OriginTradeNo, Currency, Amount, AuthorizedCurrency, AuthorizedAmount, Fee, FeeCurrency, Type, TypeStr, Status, StatusStr, MerchantName, Description, TransactionTime) VALUES ('4024001000000009', '5EEDTXN000905', '5EEDTXN000905', 'USD', 0.00, 'USD', 0.00, 0.00, 'USD', 'verification', 'Verification', 'succeed', 'Succeed', N'AGODA.COM              Berlin         DE', N'Card verification', DATEADD(DAY, -83, GETUTCDATE()));
INSERT INTO dbo.tblT_Card_Transaction (CardNo, TradeNo, OriginTradeNo, Currency, Amount, AuthorizedCurrency, AuthorizedAmount, Fee, FeeCurrency, Type, TypeStr, Status, StatusStr, MerchantName, Description, TransactionTime) VALUES ('4024001000000009', '5EEDTXN000906', '5EEDTXN000906', 'USD', 0.50, 'USD', 0.50, 0.00, 'USD', 'maintain_fee', 'Card fee', 'succeed', 'Succeed', N'AGODA.COM              Berlin         DE', N'Card maintain_fee', DATEADD(DAY, -82, GETUTCDATE()));
INSERT INTO dbo.tblT_Card_Transaction (CardNo, TradeNo, OriginTradeNo, Currency, Amount, AuthorizedCurrency, AuthorizedAmount, Fee, FeeCurrency, Type, TypeStr, Status, StatusStr, MerchantName, Description, TransactionTime) VALUES ('4024001000000009', '5EEDTXN000907', '5EEDTXN000907', 'USD', 14.00, 'USD', 14.00, 0.00, 'USD', 'refund', 'Refund', 'succeed', 'Success', N'DLOCAL *Starlink Phili Manila         PH', N'Card refund', DATEADD(DAY, -81, GETUTCDATE()));
INSERT INTO dbo.tblT_Card_Deposit (ID, UserID, OrderNo, CardNo, Network, Symbol, Currency, Amount, Fee, Total, ReceivedAmount, Type, Status, DateTransaction, Address, Txhash) VALUES (N'5eedcd55-0000-0000-0001-000000000009', N'5eedaaaa-0000-0000-0000-000000000008', '5EEDDEPO000901', '4024001000000009', 'TRC20', 'USDT', 'USD', 100.00, 3.00, 103.00, 100.00, 'Crypto', 'success', DATEADD(DAY, -87, GETUTCDATE()), 'TDEVSEEDDEP00000000000000000000091', '5eeddep000901000000000000000000000000000000000000000000000000000');
INSERT INTO dbo.tblT_Card_Deposit (ID, UserID, OrderNo, CardNo, Network, Symbol, Currency, Amount, Fee, Total, ReceivedAmount, Type, Status, DateTransaction, Address, Txhash) VALUES (N'5eedcd55-0000-0000-0002-000000000009', N'5eedaaaa-0000-0000-0000-000000000008', '5EEDDEPO000902', '4024001000000009', 'TRC20', 'USDT', 'USD', 150.00, 4.50, 154.50, 150.00, 'Crypto', 'success', DATEADD(DAY, -83, GETUTCDATE()), 'TDEVSEEDDEP00000000000000000000092', '5eeddep000902000000000000000000000000000000000000000000000000000');
INSERT INTO dbo.tblT_Card_Balance (ID, CardNo, Amount, UsedAmount, Currency) VALUES (N'5eedcb44-0000-0000-0000-000000000009', '4024001000000009', 47.03, 52.97, 'USD');

-- ---- user #9 (Aria Novak) ----
INSERT INTO dbo.tblM_User (UserID, Email, FirstName, LastName, Password, RoleID, Phone, isActive, isVerified, isBanned, DateJoin) VALUES (N'5eedaaaa-0000-0000-0000-000000000009', N'dev.user09@synthetic.kash.local', N'Aria', N'Novak', N'DEV-SYNTHETIC-NO-LOGIN', 'role-owner', '+15005550009', 1, 1, 0, DATEADD(DAY, -104, GETUTCDATE()));
INSERT INTO dbo.tblM_User_Commission     (CommissionID, UserID, Commission, DateCreated) VALUES (N'5eedc011-0000-0000-0000-000000000009', N'5eedaaaa-0000-0000-0000-000000000009', 0.1, DATEADD(DAY, -104, GETUTCDATE()));
INSERT INTO dbo.tblM_User_Referral       (UserID, Code, DateCreated) VALUES (N'5eedaaaa-0000-0000-0000-000000000009', 'DEV00009', DATEADD(DAY, -104, GETUTCDATE()));
INSERT INTO dbo.tblM_User_Crypto_Deposit (ID, UserID, NetworkID, Address, isActive, DateCreated) VALUES (N'5eedcd22-0000-0000-0000-000000000009', N'5eedaaaa-0000-0000-0000-000000000009', 'F580A411-0E37-4287-B975-408172A2B4BF', 'TDEVSEED000000000000000000000000009', 1, DATEADD(DAY, -104, GETUTCDATE()));
INSERT INTO dbo.tblH_User_Balance (UserID, BalanceID, TransactionID, Type, BalancePrevious, Amount, Commision, CommisionInPercentage, Balance, CreatedDate, Status) VALUES (N'5eedaaaa-0000-0000-0000-000000000009', N'5eedba33-0000-0000-0000-000000000009', N'5EED-009-01-CRY', 'Crypto Deposit', 0.00, 533.00, 0, 0, 533.00, DATEADD(DAY, -103, GETUTCDATE()), 'Completed');
INSERT INTO dbo.tblH_User_Balance (UserID, BalanceID, TransactionID, Type, BalancePrevious, Amount, Commision, CommisionInPercentage, Balance, CreatedDate, Status) VALUES (N'5eedaaaa-0000-0000-0000-000000000009', N'5eedba33-0000-0000-0000-000000000009', N'5EED-009-02-CAR', 'Card Open', 533.00, -10.00, 0, 0, 523.00, DATEADD(DAY, -102, GETUTCDATE()), 'Completed');
INSERT INTO dbo.tblM_User_Balance (BalanceID, UserID, Currency, Balance, isActive, DateCreated) VALUES (N'5eedba33-0000-0000-0000-000000000009', N'5eedaaaa-0000-0000-0000-000000000009', 'USDT', 523.00, 1, DATEADD(DAY, -104, GETUTCDATE()));
INSERT INTO dbo.tblT_Card (ID, UserID, CardTypeId, CardNo, CardNumber, CVV, ValidPeriod, Currency, Price, Total, Status, isActive, DateCreated) VALUES (N'5eedca01-0000-0000-0000-000000000009', N'5eedaaaa-0000-0000-0000-000000000009', 111028, '4024001000000010', N'4024 00** **** 0010', '170', '11/29', 'USD', 10.00, 10.00, 'active', 1, DATEADD(DAY, -99, GETUTCDATE()));
INSERT INTO dbo.tblT_Card_Transaction (CardNo, TradeNo, OriginTradeNo, Currency, Amount, AuthorizedCurrency, AuthorizedAmount, Fee, FeeCurrency, Type, TypeStr, Status, StatusStr, MerchantName, Description, TransactionTime) VALUES ('4024001000000010', '5EEDTXN001001', '5EEDTXN001001', 'USD', 18.99, 'USD', 18.99, 0.00, 'USD', 'auth', 'Authorization', 'authorized', 'Authorized', N'HOSTINGER* HOSTINGER.C WILMINGTON   DEUS', N'Card auth', DATEADD(DAY, -98, GETUTCDATE()));
INSERT INTO dbo.tblT_Card_Transaction (CardNo, TradeNo, OriginTradeNo, Currency, Amount, AuthorizedCurrency, AuthorizedAmount, Fee, FeeCurrency, Type, TypeStr, Status, StatusStr, MerchantName, Description, TransactionTime) VALUES ('4024001000000010', '5EEDTXN001002', '5EEDTXN001002', 'USD', 25.99, 'USD', 25.99, 0.00, 'USD', 'auth', 'Authorization', 'failed', 'Fail', N'CLOUDFLARE             SAN FRANCISCOCAUS', N'Card auth', DATEADD(DAY, -97, GETUTCDATE()));
INSERT INTO dbo.tblT_Card_Transaction (CardNo, TradeNo, OriginTradeNo, Currency, Amount, AuthorizedCurrency, AuthorizedAmount, Fee, FeeCurrency, Type, TypeStr, Status, StatusStr, MerchantName, Description, TransactionTime) VALUES ('4024001000000010', '5EEDTXN001003', '5EEDTXN001003', 'IDR', 20463.00, 'USD', 1.24, 0.00, 'USD', 'auth', 'Authorization', 'authorized', 'Authorized', N'AGODA.COM              Berlin         DE', N'Card auth', DATEADD(DAY, -96, GETUTCDATE()));
INSERT INTO dbo.tblT_Card_Transaction (CardNo, TradeNo, OriginTradeNo, Currency, Amount, AuthorizedCurrency, AuthorizedAmount, Fee, FeeCurrency, Type, TypeStr, Status, StatusStr, MerchantName, Description, TransactionTime) VALUES ('4024001000000010', '5EEDTXN001004', '5EEDTXN001004', 'PHP', 522.00, 'USD', 9.00, 0.00, 'USD', 'auth', 'Authorization', 'authorized', 'Authorized', N'DLOCAL *Starlink Phili Manila         PH', N'Card auth', DATEADD(DAY, -95, GETUTCDATE()));
INSERT INTO dbo.tblT_Card_Transaction (CardNo, TradeNo, OriginTradeNo, Currency, Amount, AuthorizedCurrency, AuthorizedAmount, Fee, FeeCurrency, Type, TypeStr, Status, StatusStr, MerchantName, Description, TransactionTime) VALUES ('4024001000000010', '5EEDTXN001005', '5EEDTXN001005', 'HKD', 215.00, 'USD', 27.56, 0.00, 'USD', 'auth', 'Authorization', 'authorized', 'Authorized', N'LAYERSTACK             CHEUNG SHA WA  HK', N'Card auth', DATEADD(DAY, -94, GETUTCDATE()));
INSERT INTO dbo.tblT_Card_Transaction (CardNo, TradeNo, OriginTradeNo, Currency, Amount, AuthorizedCurrency, AuthorizedAmount, Fee, FeeCurrency, Type, TypeStr, Status, StatusStr, MerchantName, Description, TransactionTime) VALUES ('4024001000000010', '5EEDTXN001006', '5EEDTXN001006', 'USD', 0.00, 'USD', 0.00, 0.00, 'USD', 'verification', 'Verification', 'succeed', 'Succeed', N'DLOCAL *Starlink Phili Manila         PH', N'Card verification', DATEADD(DAY, -93, GETUTCDATE()));
INSERT INTO dbo.tblT_Card_Transaction (CardNo, TradeNo, OriginTradeNo, Currency, Amount, AuthorizedCurrency, AuthorizedAmount, Fee, FeeCurrency, Type, TypeStr, Status, StatusStr, MerchantName, Description, TransactionTime) VALUES ('4024001000000010', '5EEDTXN001007', '5EEDTXN001007', 'USD', 0.50, 'USD', 0.50, 0.00, 'USD', 'maintain_fee', 'Card fee', 'succeed', 'Succeed', N'DLOCAL *Starlink Phili Manila         PH', N'Card maintain_fee', DATEADD(DAY, -92, GETUTCDATE()));
INSERT INTO dbo.tblT_Card_Deposit (ID, UserID, OrderNo, CardNo, Network, Symbol, Currency, Amount, Fee, Total, ReceivedAmount, Type, Status, DateTransaction, Address, Txhash) VALUES (N'5eedcd55-0000-0000-0001-000000000010', N'5eedaaaa-0000-0000-0000-000000000009', '5EEDDEPO001001', '4024001000000010', 'TRC20', 'USDT', 'USD', 150.00, 4.50, 154.50, 150.00, 'Crypto', 'success', DATEADD(DAY, -98, GETUTCDATE()), 'TDEVSEEDDEP00000000000000000000101', '5eeddep001001000000000000000000000000000000000000000000000000000');
INSERT INTO dbo.tblT_Card_Balance (ID, CardNo, Amount, UsedAmount, Currency) VALUES (N'5eedcb44-0000-0000-0000-000000000010', '4024001000000010', 93.21, 56.79, 'USD');

-- ---- user #10 (Mateo Adeyemi) ----
INSERT INTO dbo.tblM_User (UserID, Email, FirstName, LastName, Password, RoleID, Phone, isActive, isVerified, isBanned, DateJoin) VALUES (N'5eedaaaa-0000-0000-0000-000000000010', N'dev.user10@synthetic.kash.local', N'Mateo', N'Adeyemi', N'DEV-SYNTHETIC-NO-LOGIN', 'role-owner', '+15005550010', 1, 1, 0, DATEADD(DAY, -115, GETUTCDATE()));
INSERT INTO dbo.tblM_User_Commission     (CommissionID, UserID, Commission, DateCreated) VALUES (N'5eedc011-0000-0000-0000-000000000010', N'5eedaaaa-0000-0000-0000-000000000010', 0.1, DATEADD(DAY, -115, GETUTCDATE()));
INSERT INTO dbo.tblM_User_Referral       (UserID, Code, DateCreated) VALUES (N'5eedaaaa-0000-0000-0000-000000000010', 'DEV00010', DATEADD(DAY, -115, GETUTCDATE()));
INSERT INTO dbo.tblM_User_Crypto_Deposit (ID, UserID, NetworkID, Address, isActive, DateCreated) VALUES (N'5eedcd22-0000-0000-0000-000000000010', N'5eedaaaa-0000-0000-0000-000000000010', 'F580A411-0E37-4287-B975-408172A2B4BF', 'TDEVSEED000000000000000000000000010', 1, DATEADD(DAY, -115, GETUTCDATE()));
INSERT INTO dbo.tblM_User_Balance (BalanceID, UserID, Currency, Balance, isActive, DateCreated) VALUES (N'5eedba33-0000-0000-0000-000000000010', N'5eedaaaa-0000-0000-0000-000000000010', 'USDT', 0.00, 1, DATEADD(DAY, -115, GETUTCDATE()));

-- ---- user #11 (Zoe Diaz) ----
INSERT INTO dbo.tblM_User (UserID, Email, FirstName, LastName, Password, RoleID, Phone, isActive, isVerified, isBanned, DateJoin) VALUES (N'5eedaaaa-0000-0000-0000-000000000011', N'dev.user11@synthetic.kash.local', N'Zoe', N'Diaz', N'DEV-SYNTHETIC-NO-LOGIN', 'role-owner', '+15005550011', 1, 1, 0, DATEADD(DAY, -126, GETUTCDATE()));
INSERT INTO dbo.tblM_User_Commission     (CommissionID, UserID, Commission, DateCreated) VALUES (N'5eedc011-0000-0000-0000-000000000011', N'5eedaaaa-0000-0000-0000-000000000011', 0.1, DATEADD(DAY, -126, GETUTCDATE()));
INSERT INTO dbo.tblM_User_Referral       (UserID, Code, DateCreated) VALUES (N'5eedaaaa-0000-0000-0000-000000000011', 'DEV00011', DATEADD(DAY, -126, GETUTCDATE()));
INSERT INTO dbo.tblM_User_Crypto_Deposit (ID, UserID, NetworkID, Address, isActive, DateCreated) VALUES (N'5eedcd22-0000-0000-0000-000000000011', N'5eedaaaa-0000-0000-0000-000000000011', 'F580A411-0E37-4287-B975-408172A2B4BF', 'TDEVSEED000000000000000000000000011', 1, DATEADD(DAY, -126, GETUTCDATE()));
INSERT INTO dbo.tblH_User_Balance (UserID, BalanceID, TransactionID, Type, BalancePrevious, Amount, Commision, CommisionInPercentage, Balance, CreatedDate, Status) VALUES (N'5eedaaaa-0000-0000-0000-000000000011', N'5eedba33-0000-0000-0000-000000000011', N'5EED-011-01-CRY', 'Crypto Deposit', 0.00, 607.00, 0, 0, 607.00, DATEADD(DAY, -125, GETUTCDATE()), 'Completed');
INSERT INTO dbo.tblM_User_Balance (BalanceID, UserID, Currency, Balance, isActive, DateCreated) VALUES (N'5eedba33-0000-0000-0000-000000000011', N'5eedaaaa-0000-0000-0000-000000000011', 'USDT', 607.00, 1, DATEADD(DAY, -126, GETUTCDATE()));

-- ---- user #12 (Kai Yilmaz) ----
INSERT INTO dbo.tblM_User (UserID, Email, FirstName, LastName, Password, RoleID, Phone, isActive, isVerified, isBanned, DateJoin) VALUES (N'5eedaaaa-0000-0000-0000-000000000012', N'dev.user12@synthetic.kash.local', N'Kai', N'Yilmaz', N'DEV-SYNTHETIC-NO-LOGIN', 'role-owner', '+15005550012', 1, 1, 0, DATEADD(DAY, -137, GETUTCDATE()));
INSERT INTO dbo.tblM_User_Commission     (CommissionID, UserID, Commission, DateCreated) VALUES (N'5eedc011-0000-0000-0000-000000000012', N'5eedaaaa-0000-0000-0000-000000000012', 0.1, DATEADD(DAY, -137, GETUTCDATE()));
INSERT INTO dbo.tblM_User_Referral       (UserID, Code, DateCreated) VALUES (N'5eedaaaa-0000-0000-0000-000000000012', 'DEV00012', DATEADD(DAY, -137, GETUTCDATE()));
INSERT INTO dbo.tblM_User_Crypto_Deposit (ID, UserID, NetworkID, Address, isActive, DateCreated) VALUES (N'5eedcd22-0000-0000-0000-000000000012', N'5eedaaaa-0000-0000-0000-000000000012', 'F580A411-0E37-4287-B975-408172A2B4BF', 'TDEVSEED000000000000000000000000012', 1, DATEADD(DAY, -137, GETUTCDATE()));
INSERT INTO dbo.tblH_User_Balance (UserID, BalanceID, TransactionID, Type, BalancePrevious, Amount, Commision, CommisionInPercentage, Balance, CreatedDate, Status) VALUES (N'5eedaaaa-0000-0000-0000-000000000012', N'5eedba33-0000-0000-0000-000000000012', N'5EED-012-01-CRY', 'Crypto Deposit', 0.00, 644.00, 0, 0, 644.00, DATEADD(DAY, -136, GETUTCDATE()), 'Completed');
INSERT INTO dbo.tblH_User_Balance (UserID, BalanceID, TransactionID, Type, BalancePrevious, Amount, Commision, CommisionInPercentage, Balance, CreatedDate, Status) VALUES (N'5eedaaaa-0000-0000-0000-000000000012', N'5eedba33-0000-0000-0000-000000000012', N'5EED-012-02-CRY', 'Crypto Deposit', 644.00, 306.00, 0, 0, 950.00, DATEADD(DAY, -20, GETUTCDATE()), 'Completed');
INSERT INTO dbo.tblH_User_Balance (UserID, BalanceID, TransactionID, Type, BalancePrevious, Amount, Commision, CommisionInPercentage, Balance, CreatedDate, Status) VALUES (N'5eedaaaa-0000-0000-0000-000000000012', N'5eedba33-0000-0000-0000-000000000012', N'5EED-012-03-CAR', 'Card Open', 950.00, -10.00, 0, 0, 940.00, DATEADD(DAY, -135, GETUTCDATE()), 'Completed');
INSERT INTO dbo.tblH_User_Balance (UserID, BalanceID, TransactionID, Type, BalancePrevious, Amount, Commision, CommisionInPercentage, Balance, CreatedDate, Status) VALUES (N'5eedaaaa-0000-0000-0000-000000000012', N'5eedba33-0000-0000-0000-000000000012', N'5EED-012-04-CAR', 'Card Open', 940.00, -10.00, 0, 0, 930.00, DATEADD(DAY, -132, GETUTCDATE()), 'Completed');
INSERT INTO dbo.tblM_User_Balance (BalanceID, UserID, Currency, Balance, isActive, DateCreated) VALUES (N'5eedba33-0000-0000-0000-000000000012', N'5eedaaaa-0000-0000-0000-000000000012', 'USDT', 930.00, 1, DATEADD(DAY, -137, GETUTCDATE()));
INSERT INTO dbo.tblT_Card (ID, UserID, CardTypeId, CardNo, CardNumber, CVV, ValidPeriod, Currency, Price, Total, Status, isActive, DateCreated) VALUES (N'5eedca01-0000-0000-0000-000000000012', N'5eedaaaa-0000-0000-0000-000000000012', 111028, '4024001000000011', N'4024 00** **** 0011', '177', '12/29', 'USD', 10.00, 10.00, 'active', 1, DATEADD(DAY, -132, GETUTCDATE()));
INSERT INTO dbo.tblT_Card_Transaction (CardNo, TradeNo, OriginTradeNo, Currency, Amount, AuthorizedCurrency, AuthorizedAmount, Fee, FeeCurrency, Type, TypeStr, Status, StatusStr, MerchantName, Description, TransactionTime) VALUES ('4024001000000011', '5EEDTXN001101', '5EEDTXN001101', 'PHP', 374.00, 'USD', 6.45, 0.00, 'USD', 'auth', 'Authorization', 'authorized', 'Authorized', N'DLOCAL *Starlink Phili Manila         PH', N'Card auth', DATEADD(DAY, -131, GETUTCDATE()));
INSERT INTO dbo.tblT_Card_Transaction (CardNo, TradeNo, OriginTradeNo, Currency, Amount, AuthorizedCurrency, AuthorizedAmount, Fee, FeeCurrency, Type, TypeStr, Status, StatusStr, MerchantName, Description, TransactionTime) VALUES ('4024001000000011', '5EEDTXN001102', '5EEDTXN001102', 'HKD', 133.00, 'USD', 17.05, 0.00, 'USD', 'auth', 'Authorization', 'failed', 'Fail', N'LAYERSTACK             CHEUNG SHA WA  HK', N'Card auth', DATEADD(DAY, -130, GETUTCDATE()));
INSERT INTO dbo.tblT_Card_Transaction (CardNo, TradeNo, OriginTradeNo, Currency, Amount, AuthorizedCurrency, AuthorizedAmount, Fee, FeeCurrency, Type, TypeStr, Status, StatusStr, MerchantName, Description, TransactionTime) VALUES ('4024001000000011', '5EEDTXN001103', '5EEDTXN001103', 'USD', 45.99, 'USD', 45.99, 0.00, 'USD', 'auth', 'Authorization', 'authorized', 'Authorized', N'ANTHROPIC* CLAUDE SUB  SAN FRANCISCOCAUS', N'Card auth', DATEADD(DAY, -129, GETUTCDATE()));
INSERT INTO dbo.tblT_Card_Transaction (CardNo, TradeNo, OriginTradeNo, Currency, Amount, AuthorizedCurrency, AuthorizedAmount, Fee, FeeCurrency, Type, TypeStr, Status, StatusStr, MerchantName, Description, TransactionTime) VALUES ('4024001000000011', '5EEDTXN001104', '5EEDTXN001104', 'USD', 52.99, 'USD', 52.99, 0.00, 'USD', 'auth', 'Authorization', 'authorized', 'Authorized', N'OPENAI         *CHATGPT SAN FRANCISCOCAUS', N'Card auth', DATEADD(DAY, -128, GETUTCDATE()));
INSERT INTO dbo.tblT_Card_Transaction (CardNo, TradeNo, OriginTradeNo, Currency, Amount, AuthorizedCurrency, AuthorizedAmount, Fee, FeeCurrency, Type, TypeStr, Status, StatusStr, MerchantName, Description, TransactionTime) VALUES ('4024001000000011', '5EEDTXN001105', '5EEDTXN001105', 'USD', 59.99, 'USD', 59.99, 0.00, 'USD', 'auth', 'Authorization', 'authorized', 'Authorized', N'GITHUB, INC.           SAN FRANCISCOCAUS', N'Card auth', DATEADD(DAY, -127, GETUTCDATE()));
INSERT INTO dbo.tblT_Card_Transaction (CardNo, TradeNo, OriginTradeNo, Currency, Amount, AuthorizedCurrency, AuthorizedAmount, Fee, FeeCurrency, Type, TypeStr, Status, StatusStr, MerchantName, Description, TransactionTime) VALUES ('4024001000000011', '5EEDTXN001106', '5EEDTXN001106', 'USD', 66.99, 'USD', 66.99, 0.00, 'USD', 'auth', 'Authorization', 'authorized', 'Authorized', N'AMAZON WEB SERVICES    SEATTLE      WAUS', N'Card auth', DATEADD(DAY, -126, GETUTCDATE()));
INSERT INTO dbo.tblT_Card_Transaction (CardNo, TradeNo, OriginTradeNo, Currency, Amount, AuthorizedCurrency, AuthorizedAmount, Fee, FeeCurrency, Type, TypeStr, Status, StatusStr, MerchantName, Description, TransactionTime) VALUES ('4024001000000011', '5EEDTXN001107', '5EEDTXN001107', 'USD', 0.00, 'USD', 0.00, 0.00, 'USD', 'verification', 'Verification', 'succeed', 'Succeed', N'LAYERSTACK             CHEUNG SHA WA  HK', N'Card verification', DATEADD(DAY, -125, GETUTCDATE()));
INSERT INTO dbo.tblT_Card_Transaction (CardNo, TradeNo, OriginTradeNo, Currency, Amount, AuthorizedCurrency, AuthorizedAmount, Fee, FeeCurrency, Type, TypeStr, Status, StatusStr, MerchantName, Description, TransactionTime) VALUES ('4024001000000011', '5EEDTXN001108', '5EEDTXN001108', 'USD', 0.50, 'USD', 0.50, 0.00, 'USD', 'maintain_fee', 'Card fee', 'succeed', 'Succeed', N'LAYERSTACK             CHEUNG SHA WA  HK', N'Card maintain_fee', DATEADD(DAY, -124, GETUTCDATE()));
INSERT INTO dbo.tblT_Card_Deposit (ID, UserID, OrderNo, CardNo, Network, Symbol, Currency, Amount, Fee, Total, ReceivedAmount, Type, Status, DateTransaction, Address, Txhash) VALUES (N'5eedcd55-0000-0000-0001-000000000011', N'5eedaaaa-0000-0000-0000-000000000012', '5EEDDEPO001101', '4024001000000011', 'TRC20', 'USDT', 'USD', 50.00, 1.50, 51.50, 50.00, 'Crypto', 'success', DATEADD(DAY, -131, GETUTCDATE()), 'TDEVSEEDDEP00000000000000000000111', '5eeddep001101000000000000000000000000000000000000000000000000000');
INSERT INTO dbo.tblT_Card_Deposit (ID, UserID, OrderNo, CardNo, Network, Symbol, Currency, Amount, Fee, Total, ReceivedAmount, Type, Status, DateTransaction, Address, Txhash) VALUES (N'5eedcd55-0000-0000-0002-000000000011', N'5eedaaaa-0000-0000-0000-000000000012', '5EEDDEPO001102', '4024001000000011', 'TRC20', 'USDT', 'USD', 100.00, 3.00, 103.00, 100.00, 'Crypto', 'success', DATEADD(DAY, -127, GETUTCDATE()), 'TDEVSEEDDEP00000000000000000000112', '5eeddep001102000000000000000000000000000000000000000000000000000');
INSERT INTO dbo.tblT_Card_Balance (ID, CardNo, Amount, UsedAmount, Currency) VALUES (N'5eedcb44-0000-0000-0000-000000000011', '4024001000000011', 0.00, 232.41, 'USD');
INSERT INTO dbo.tblT_Card (ID, UserID, CardTypeId, CardNo, CardNumber, CVV, ValidPeriod, Currency, Price, Total, Status, isActive, DateCreated) VALUES (N'5eedca02-0000-0000-0000-000000000012', N'5eedaaaa-0000-0000-0000-000000000012', 111028, '4024001000000012', N'4024 00** **** 0012', '184', '01/30', 'USD', 10.00, 10.00, 'cancelled', 0, DATEADD(DAY, -129, GETUTCDATE()));
INSERT INTO dbo.tblT_Card_Transaction (CardNo, TradeNo, OriginTradeNo, Currency, Amount, AuthorizedCurrency, AuthorizedAmount, Fee, FeeCurrency, Type, TypeStr, Status, StatusStr, MerchantName, Description, TransactionTime) VALUES ('4024001000000012', '5EEDTXN001201', '5EEDTXN001201', 'USD', 44.99, 'USD', 44.99, 0.00, 'USD', 'auth', 'Authorization', 'authorized', 'Authorized', N'OPENAI         *CHATGPT SAN FRANCISCOCAUS', N'Card auth', DATEADD(DAY, -128, GETUTCDATE()));
INSERT INTO dbo.tblT_Card_Transaction (CardNo, TradeNo, OriginTradeNo, Currency, Amount, AuthorizedCurrency, AuthorizedAmount, Fee, FeeCurrency, Type, TypeStr, Status, StatusStr, MerchantName, Description, TransactionTime) VALUES ('4024001000000012', '5EEDTXN001202', '5EEDTXN001202', 'USD', 51.99, 'USD', 51.99, 0.00, 'USD', 'auth', 'Authorization', 'failed', 'Fail', N'GITHUB, INC.           SAN FRANCISCOCAUS', N'Card auth', DATEADD(DAY, -127, GETUTCDATE()));
INSERT INTO dbo.tblT_Card_Transaction (CardNo, TradeNo, OriginTradeNo, Currency, Amount, AuthorizedCurrency, AuthorizedAmount, Fee, FeeCurrency, Type, TypeStr, Status, StatusStr, MerchantName, Description, TransactionTime) VALUES ('4024001000000012', '5EEDTXN001203', '5EEDTXN001203', 'USD', 58.99, 'USD', 58.99, 0.00, 'USD', 'auth', 'Authorization', 'authorized', 'Authorized', N'AMAZON WEB SERVICES    SEATTLE      WAUS', N'Card auth', DATEADD(DAY, -126, GETUTCDATE()));
INSERT INTO dbo.tblT_Card_Transaction (CardNo, TradeNo, OriginTradeNo, Currency, Amount, AuthorizedCurrency, AuthorizedAmount, Fee, FeeCurrency, Type, TypeStr, Status, StatusStr, MerchantName, Description, TransactionTime) VALUES ('4024001000000012', '5EEDTXN001204', '5EEDTXN001204', 'USD', 65.99, 'USD', 65.99, 0.00, 'USD', 'auth', 'Authorization', 'authorized', 'Authorized', N'GOOGLE *WORKSPACE      Dublin         IE', N'Card auth', DATEADD(DAY, -125, GETUTCDATE()));
INSERT INTO dbo.tblT_Card_Transaction (CardNo, TradeNo, OriginTradeNo, Currency, Amount, AuthorizedCurrency, AuthorizedAmount, Fee, FeeCurrency, Type, TypeStr, Status, StatusStr, MerchantName, Description, TransactionTime) VALUES ('4024001000000012', '5EEDTXN001205', '5EEDTXN001205', 'USD', 0.00, 'USD', 0.00, 0.00, 'USD', 'verification', 'Verification', 'succeed', 'Succeed', N'ANTHROPIC* CLAUDE SUB  SAN FRANCISCOCAUS', N'Card verification', DATEADD(DAY, -124, GETUTCDATE()));
INSERT INTO dbo.tblT_Card_Transaction (CardNo, TradeNo, OriginTradeNo, Currency, Amount, AuthorizedCurrency, AuthorizedAmount, Fee, FeeCurrency, Type, TypeStr, Status, StatusStr, MerchantName, Description, TransactionTime) VALUES ('4024001000000012', '5EEDTXN001206', '5EEDTXN001206', 'USD', 0.50, 'USD', 0.50, 0.00, 'USD', 'maintain_fee', 'Card fee', 'succeed', 'Succeed', N'ANTHROPIC* CLAUDE SUB  SAN FRANCISCOCAUS', N'Card maintain_fee', DATEADD(DAY, -123, GETUTCDATE()));
INSERT INTO dbo.tblT_Card_Transaction (CardNo, TradeNo, OriginTradeNo, Currency, Amount, AuthorizedCurrency, AuthorizedAmount, Fee, FeeCurrency, Type, TypeStr, Status, StatusStr, MerchantName, Description, TransactionTime) VALUES ('4024001000000012', '5EEDTXN001207', '5EEDTXN001207', 'USD', 17.00, 'USD', 17.00, 0.00, 'USD', 'refund', 'Refund', 'succeed', 'Success', N'OPENAI         *CHATGPT SAN FRANCISCOCAUS', N'Card refund', DATEADD(DAY, -122, GETUTCDATE()));
INSERT INTO dbo.tblT_Card_Transaction (CardNo, TradeNo, OriginTradeNo, Currency, Amount, AuthorizedCurrency, AuthorizedAmount, Fee, FeeCurrency, Type, TypeStr, Status, StatusStr, MerchantName, Description, TransactionTime) VALUES ('4024001000000012', '5EEDTXN001208', '5EEDTXN001208', 'USD', 21.00, 'USD', 21.00, 0.00, 'USD', 'Void', 'Reversal', 'succeed', 'Succeed', N'GITHUB, INC.           SAN FRANCISCOCAUS', N'Card Void', DATEADD(DAY, -121, GETUTCDATE()));
INSERT INTO dbo.tblT_Card_Deposit (ID, UserID, OrderNo, CardNo, Network, Symbol, Currency, Amount, Fee, Total, ReceivedAmount, Type, Status, DateTransaction, Address, Txhash) VALUES (N'5eedcd55-0000-0000-0001-000000000012', N'5eedaaaa-0000-0000-0000-000000000012', '5EEDDEPO001201', '4024001000000012', 'TRC20', 'USDT', 'USD', 100.00, 3.00, 103.00, 100.00, 'Crypto', 'success', DATEADD(DAY, -128, GETUTCDATE()), 'TDEVSEEDDEP00000000000000000000121', '5eeddep001201000000000000000000000000000000000000000000000000000');
INSERT INTO dbo.tblT_Card_Balance (ID, CardNo, Amount, UsedAmount, Currency) VALUES (N'5eedcb44-0000-0000-0000-000000000012', '4024001000000012', 0.00, 169.97, 'USD');

-- ---- user #13 (Nina Khan) ----
INSERT INTO dbo.tblM_User (UserID, Email, FirstName, LastName, Password, RoleID, Phone, isActive, isVerified, isBanned, DateJoin) VALUES (N'5eedaaaa-0000-0000-0000-000000000013', N'dev.user13@synthetic.kash.local', N'Nina', N'Khan', N'DEV-SYNTHETIC-NO-LOGIN', 'role-owner', '+15005550013', 1, 1, 0, DATEADD(DAY, -148, GETUTCDATE()));
INSERT INTO dbo.tblM_User_Commission     (CommissionID, UserID, Commission, DateCreated) VALUES (N'5eedc011-0000-0000-0000-000000000013', N'5eedaaaa-0000-0000-0000-000000000013', 0.1, DATEADD(DAY, -148, GETUTCDATE()));
INSERT INTO dbo.tblM_User_Referral       (UserID, Code, DateCreated) VALUES (N'5eedaaaa-0000-0000-0000-000000000013', 'DEV00013', DATEADD(DAY, -148, GETUTCDATE()));
INSERT INTO dbo.tblM_User_Crypto_Deposit (ID, UserID, NetworkID, Address, isActive, DateCreated) VALUES (N'5eedcd22-0000-0000-0000-000000000013', N'5eedaaaa-0000-0000-0000-000000000013', 'F580A411-0E37-4287-B975-408172A2B4BF', 'TDEVSEED000000000000000000000000013', 1, DATEADD(DAY, -148, GETUTCDATE()));
INSERT INTO dbo.tblH_User_Balance (UserID, BalanceID, TransactionID, Type, BalancePrevious, Amount, Commision, CommisionInPercentage, Balance, CreatedDate, Status) VALUES (N'5eedaaaa-0000-0000-0000-000000000013', N'5eedba33-0000-0000-0000-000000000013', N'5EED-013-01-CRY', 'Crypto Deposit', 0.00, 681.00, 0, 0, 681.00, DATEADD(DAY, -147, GETUTCDATE()), 'Completed');
INSERT INTO dbo.tblM_User_Balance (BalanceID, UserID, Currency, Balance, isActive, DateCreated) VALUES (N'5eedba33-0000-0000-0000-000000000013', N'5eedaaaa-0000-0000-0000-000000000013', 'USDT', 681.00, 1, DATEADD(DAY, -148, GETUTCDATE()));

-- ---- user #14 (Omar Costa) ----
INSERT INTO dbo.tblM_User (UserID, Email, FirstName, LastName, Password, RoleID, Phone, isActive, isVerified, isBanned, DateJoin) VALUES (N'5eedaaaa-0000-0000-0000-000000000014', N'dev.user14@synthetic.kash.local', N'Omar', N'Costa', N'DEV-SYNTHETIC-NO-LOGIN', 'role-owner', '+15005550014', 1, 1, 0, DATEADD(DAY, -159, GETUTCDATE()));
INSERT INTO dbo.tblM_User_Commission     (CommissionID, UserID, Commission, DateCreated) VALUES (N'5eedc011-0000-0000-0000-000000000014', N'5eedaaaa-0000-0000-0000-000000000014', 0.1, DATEADD(DAY, -159, GETUTCDATE()));
INSERT INTO dbo.tblM_User_Referral       (UserID, Code, DateCreated) VALUES (N'5eedaaaa-0000-0000-0000-000000000014', 'DEV00014', DATEADD(DAY, -159, GETUTCDATE()));
INSERT INTO dbo.tblM_User_Crypto_Deposit (ID, UserID, NetworkID, Address, isActive, DateCreated) VALUES (N'5eedcd22-0000-0000-0000-000000000014', N'5eedaaaa-0000-0000-0000-000000000014', 'F580A411-0E37-4287-B975-408172A2B4BF', 'TDEVSEED000000000000000000000000014', 1, DATEADD(DAY, -159, GETUTCDATE()));
INSERT INTO dbo.tblH_User_Balance (UserID, BalanceID, TransactionID, Type, BalancePrevious, Amount, Commision, CommisionInPercentage, Balance, CreatedDate, Status) VALUES (N'5eedaaaa-0000-0000-0000-000000000014', N'5eedba33-0000-0000-0000-000000000014', N'5EED-014-01-CRY', 'Crypto Deposit', 0.00, 718.00, 0, 0, 718.00, DATEADD(DAY, -158, GETUTCDATE()), 'Completed');
INSERT INTO dbo.tblH_User_Balance (UserID, BalanceID, TransactionID, Type, BalancePrevious, Amount, Commision, CommisionInPercentage, Balance, CreatedDate, Status) VALUES (N'5eedaaaa-0000-0000-0000-000000000014', N'5eedba33-0000-0000-0000-000000000014', N'5EED-014-02-CAR', 'Card Open', 718.00, -10.00, 0, 0, 708.00, DATEADD(DAY, -157, GETUTCDATE()), 'Completed');
INSERT INTO dbo.tblM_User_Balance (BalanceID, UserID, Currency, Balance, isActive, DateCreated) VALUES (N'5eedba33-0000-0000-0000-000000000014', N'5eedaaaa-0000-0000-0000-000000000014', 'USDT', 708.00, 1, DATEADD(DAY, -159, GETUTCDATE()));
INSERT INTO dbo.tblT_Card (ID, UserID, CardTypeId, CardNo, CardNumber, CVV, ValidPeriod, Currency, Price, Total, Status, isActive, DateCreated) VALUES (N'5eedca01-0000-0000-0000-000000000014', N'5eedaaaa-0000-0000-0000-000000000014', 111028, '4024001000000013', N'4024 00** **** 0013', '191', '02/29', 'USD', 10.00, 10.00, 'active', 1, DATEADD(DAY, -154, GETUTCDATE()));
INSERT INTO dbo.tblT_Card_Transaction (CardNo, TradeNo, OriginTradeNo, Currency, Amount, AuthorizedCurrency, AuthorizedAmount, Fee, FeeCurrency, Type, TypeStr, Status, StatusStr, MerchantName, Description, TransactionTime) VALUES ('4024001000000013', '5EEDTXN001301', '5EEDTXN001301', 'USD', 57.99, 'USD', 57.99, 0.00, 'USD', 'auth', 'Authorization', 'authorized', 'Authorized', N'GOOGLE *WORKSPACE      Dublin         IE', N'Card auth', DATEADD(DAY, -153, GETUTCDATE()));
INSERT INTO dbo.tblT_Card_Transaction (CardNo, TradeNo, OriginTradeNo, Currency, Amount, AuthorizedCurrency, AuthorizedAmount, Fee, FeeCurrency, Type, TypeStr, Status, StatusStr, MerchantName, Description, TransactionTime) VALUES ('4024001000000013', '5EEDTXN001302', '5EEDTXN001302', 'USD', 64.99, 'USD', 64.99, 0.00, 'USD', 'auth', 'Authorization', 'failed', 'Fail', N'DNH*GODADDY.COM        AMSTERDAM      NL', N'Card auth', DATEADD(DAY, -152, GETUTCDATE()));
INSERT INTO dbo.tblT_Card_Transaction (CardNo, TradeNo, OriginTradeNo, Currency, Amount, AuthorizedCurrency, AuthorizedAmount, Fee, FeeCurrency, Type, TypeStr, Status, StatusStr, MerchantName, Description, TransactionTime) VALUES ('4024001000000013', '5EEDTXN001303', '5EEDTXN001303', 'USD', 71.99, 'USD', 71.99, 0.00, 'USD', 'auth', 'Authorization', 'authorized', 'Authorized', N'NAME-CHEAP.COM* 7K2Q9X PHOENIX      AZUS', N'Card auth', DATEADD(DAY, -151, GETUTCDATE()));
INSERT INTO dbo.tblT_Card_Transaction (CardNo, TradeNo, OriginTradeNo, Currency, Amount, AuthorizedCurrency, AuthorizedAmount, Fee, FeeCurrency, Type, TypeStr, Status, StatusStr, MerchantName, Description, TransactionTime) VALUES ('4024001000000013', '5EEDTXN001304', '5EEDTXN001304', 'USD', 78.99, 'USD', 78.99, 0.00, 'USD', 'auth', 'Authorization', 'authorized', 'Authorized', N'HOSTINGER* HOSTINGER.C WILMINGTON   DEUS', N'Card auth', DATEADD(DAY, -150, GETUTCDATE()));
INSERT INTO dbo.tblT_Card_Transaction (CardNo, TradeNo, OriginTradeNo, Currency, Amount, AuthorizedCurrency, AuthorizedAmount, Fee, FeeCurrency, Type, TypeStr, Status, StatusStr, MerchantName, Description, TransactionTime) VALUES ('4024001000000013', '5EEDTXN001305', '5EEDTXN001305', 'USD', 85.99, 'USD', 85.99, 0.00, 'USD', 'auth', 'Authorization', 'authorized', 'Authorized', N'CLOUDFLARE             SAN FRANCISCOCAUS', N'Card auth', DATEADD(DAY, -149, GETUTCDATE()));
INSERT INTO dbo.tblT_Card_Transaction (CardNo, TradeNo, OriginTradeNo, Currency, Amount, AuthorizedCurrency, AuthorizedAmount, Fee, FeeCurrency, Type, TypeStr, Status, StatusStr, MerchantName, Description, TransactionTime) VALUES ('4024001000000013', '5EEDTXN001306', '5EEDTXN001306', 'USD', 0.00, 'USD', 0.00, 0.00, 'USD', 'verification', 'Verification', 'succeed', 'Succeed', N'OPENAI         *CHATGPT SAN FRANCISCOCAUS', N'Card verification', DATEADD(DAY, -148, GETUTCDATE()));
INSERT INTO dbo.tblT_Card_Transaction (CardNo, TradeNo, OriginTradeNo, Currency, Amount, AuthorizedCurrency, AuthorizedAmount, Fee, FeeCurrency, Type, TypeStr, Status, StatusStr, MerchantName, Description, TransactionTime) VALUES ('4024001000000013', '5EEDTXN001307', '5EEDTXN001307', 'USD', 0.50, 'USD', 0.50, 0.00, 'USD', 'maintain_fee', 'Card fee', 'succeed', 'Succeed', N'OPENAI         *CHATGPT SAN FRANCISCOCAUS', N'Card maintain_fee', DATEADD(DAY, -147, GETUTCDATE()));
INSERT INTO dbo.tblT_Card_Deposit (ID, UserID, OrderNo, CardNo, Network, Symbol, Currency, Amount, Fee, Total, ReceivedAmount, Type, Status, DateTransaction, Address, Txhash) VALUES (N'5eedcd55-0000-0000-0001-000000000013', N'5eedaaaa-0000-0000-0000-000000000014', '5EEDDEPO001301', '4024001000000013', 'TRC20', 'USDT', 'USD', 150.00, 4.50, 154.50, 150.00, 'Crypto', 'success', DATEADD(DAY, -153, GETUTCDATE()), 'TDEVSEEDDEP00000000000000000000131', '5eeddep001301000000000000000000000000000000000000000000000000000');
INSERT INTO dbo.tblT_Card_Deposit (ID, UserID, OrderNo, CardNo, Network, Symbol, Currency, Amount, Fee, Total, ReceivedAmount, Type, Status, DateTransaction, Address, Txhash) VALUES (N'5eedcd55-0000-0000-0002-000000000013', N'5eedaaaa-0000-0000-0000-000000000014', '5EEDDEPO001302', '4024001000000013', 'TRC20', 'USDT', 'USD', 50.00, 1.50, 51.50, 50.00, 'Crypto', 'success', DATEADD(DAY, -149, GETUTCDATE()), 'TDEVSEEDDEP00000000000000000000132', '5eeddep001302000000000000000000000000000000000000000000000000000');
INSERT INTO dbo.tblT_Card_Balance (ID, CardNo, Amount, UsedAmount, Currency) VALUES (N'5eedcb44-0000-0000-0000-000000000013', '4024001000000013', 0.00, 294.96, 'USD');

-- ---- user #15 (Lea Lopez) ----
INSERT INTO dbo.tblM_User (UserID, Email, FirstName, LastName, Password, RoleID, Phone, isActive, isVerified, isBanned, DateJoin) VALUES (N'5eedaaaa-0000-0000-0000-000000000015', N'dev.user15@synthetic.kash.local', N'Lea', N'Lopez', N'DEV-SYNTHETIC-NO-LOGIN', 'role-owner', '+15005550015', 1, 1, 0, DATEADD(DAY, -170, GETUTCDATE()));
INSERT INTO dbo.tblM_User_Commission     (CommissionID, UserID, Commission, DateCreated) VALUES (N'5eedc011-0000-0000-0000-000000000015', N'5eedaaaa-0000-0000-0000-000000000015', 0.1, DATEADD(DAY, -170, GETUTCDATE()));
INSERT INTO dbo.tblM_User_Referral       (UserID, Code, DateCreated) VALUES (N'5eedaaaa-0000-0000-0000-000000000015', 'DEV00015', DATEADD(DAY, -170, GETUTCDATE()));
INSERT INTO dbo.tblM_User_Crypto_Deposit (ID, UserID, NetworkID, Address, isActive, DateCreated) VALUES (N'5eedcd22-0000-0000-0000-000000000015', N'5eedaaaa-0000-0000-0000-000000000015', 'F580A411-0E37-4287-B975-408172A2B4BF', 'TDEVSEED000000000000000000000000015', 1, DATEADD(DAY, -170, GETUTCDATE()));
INSERT INTO dbo.tblM_User_Balance (BalanceID, UserID, Currency, Balance, isActive, DateCreated) VALUES (N'5eedba33-0000-0000-0000-000000000015', N'5eedaaaa-0000-0000-0000-000000000015', 'USDT', 0.00, 1, DATEADD(DAY, -170, GETUTCDATE()));

-- ---- user #16 (Ivan Dubois) ----
INSERT INTO dbo.tblM_User (UserID, Email, FirstName, LastName, Password, RoleID, Phone, isActive, isVerified, isBanned, DateJoin) VALUES (N'5eedaaaa-0000-0000-0000-000000000016', N'dev.user16@synthetic.kash.local', N'Ivan', N'Dubois', N'DEV-SYNTHETIC-NO-LOGIN', 'role-owner', '+15005550016', 1, 1, 0, DATEADD(DAY, -181, GETUTCDATE()));
INSERT INTO dbo.tblM_User_Commission     (CommissionID, UserID, Commission, DateCreated) VALUES (N'5eedc011-0000-0000-0000-000000000016', N'5eedaaaa-0000-0000-0000-000000000016', 0.1, DATEADD(DAY, -181, GETUTCDATE()));
INSERT INTO dbo.tblM_User_Referral       (UserID, Code, DateCreated) VALUES (N'5eedaaaa-0000-0000-0000-000000000016', 'DEV00016', DATEADD(DAY, -181, GETUTCDATE()));
INSERT INTO dbo.tblM_User_Crypto_Deposit (ID, UserID, NetworkID, Address, isActive, DateCreated) VALUES (N'5eedcd22-0000-0000-0000-000000000016', N'5eedaaaa-0000-0000-0000-000000000016', 'F580A411-0E37-4287-B975-408172A2B4BF', 'TDEVSEED000000000000000000000000016', 1, DATEADD(DAY, -181, GETUTCDATE()));
INSERT INTO dbo.tblH_User_Balance (UserID, BalanceID, TransactionID, Type, BalancePrevious, Amount, Commision, CommisionInPercentage, Balance, CreatedDate, Status) VALUES (N'5eedaaaa-0000-0000-0000-000000000016', N'5eedba33-0000-0000-0000-000000000016', N'5EED-016-01-CRY', 'Crypto Deposit', 0.00, 792.00, 0, 0, 792.00, DATEADD(DAY, -180, GETUTCDATE()), 'Completed');
INSERT INTO dbo.tblH_User_Balance (UserID, BalanceID, TransactionID, Type, BalancePrevious, Amount, Commision, CommisionInPercentage, Balance, CreatedDate, Status) VALUES (N'5eedaaaa-0000-0000-0000-000000000016', N'5eedba33-0000-0000-0000-000000000016', N'5EED-016-02-CRY', 'Crypto Deposit', 792.00, 358.00, 0, 0, 1150.00, DATEADD(DAY, -20, GETUTCDATE()), 'Completed');
INSERT INTO dbo.tblH_User_Balance (UserID, BalanceID, TransactionID, Type, BalancePrevious, Amount, Commision, CommisionInPercentage, Balance, CreatedDate, Status) VALUES (N'5eedaaaa-0000-0000-0000-000000000016', N'5eedba33-0000-0000-0000-000000000016', N'5EED-016-03-CAR', 'Card Open', 1150.00, -10.00, 0, 0, 1140.00, DATEADD(DAY, -179, GETUTCDATE()), 'Completed');
INSERT INTO dbo.tblM_User_Balance (BalanceID, UserID, Currency, Balance, isActive, DateCreated) VALUES (N'5eedba33-0000-0000-0000-000000000016', N'5eedaaaa-0000-0000-0000-000000000016', 'USDT', 1140.00, 1, DATEADD(DAY, -181, GETUTCDATE()));
INSERT INTO dbo.tblT_Card (ID, UserID, CardTypeId, CardNo, CardNumber, CVV, ValidPeriod, Currency, Price, Total, Status, isActive, DateCreated) VALUES (N'5eedca01-0000-0000-0000-000000000016', N'5eedaaaa-0000-0000-0000-000000000016', 111028, '4024001000000014', N'4024 00** **** 0014', '198', '03/29', 'USD', 10.00, 10.00, 'active', 1, DATEADD(DAY, -176, GETUTCDATE()));
INSERT INTO dbo.tblT_Card_Transaction (CardNo, TradeNo, OriginTradeNo, Currency, Amount, AuthorizedCurrency, AuthorizedAmount, Fee, FeeCurrency, Type, TypeStr, Status, StatusStr, MerchantName, Description, TransactionTime) VALUES ('4024001000000014', '5EEDTXN001401', '5EEDTXN001401', 'USD', 70.99, 'USD', 70.99, 0.00, 'USD', 'auth', 'Authorization', 'authorized', 'Authorized', N'HOSTINGER* HOSTINGER.C WILMINGTON   DEUS', N'Card auth', DATEADD(DAY, -175, GETUTCDATE()));
INSERT INTO dbo.tblT_Card_Transaction (CardNo, TradeNo, OriginTradeNo, Currency, Amount, AuthorizedCurrency, AuthorizedAmount, Fee, FeeCurrency, Type, TypeStr, Status, StatusStr, MerchantName, Description, TransactionTime) VALUES ('4024001000000014', '5EEDTXN001402', '5EEDTXN001402', 'USD', 77.99, 'USD', 77.99, 0.00, 'USD', 'auth', 'Authorization', 'failed', 'Fail', N'CLOUDFLARE             SAN FRANCISCOCAUS', N'Card auth', DATEADD(DAY, -174, GETUTCDATE()));
INSERT INTO dbo.tblT_Card_Transaction (CardNo, TradeNo, OriginTradeNo, Currency, Amount, AuthorizedCurrency, AuthorizedAmount, Fee, FeeCurrency, Type, TypeStr, Status, StatusStr, MerchantName, Description, TransactionTime) VALUES ('4024001000000014', '5EEDTXN001403', '5EEDTXN001403', 'IDR', 20491.00, 'USD', 1.24, 0.00, 'USD', 'auth', 'Authorization', 'authorized', 'Authorized', N'AGODA.COM              Berlin         DE', N'Card auth', DATEADD(DAY, -173, GETUTCDATE()));
INSERT INTO dbo.tblT_Card_Transaction (CardNo, TradeNo, OriginTradeNo, Currency, Amount, AuthorizedCurrency, AuthorizedAmount, Fee, FeeCurrency, Type, TypeStr, Status, StatusStr, MerchantName, Description, TransactionTime) VALUES ('4024001000000014', '5EEDTXN001404', '5EEDTXN001404', 'PHP', 566.00, 'USD', 9.76, 0.00, 'USD', 'auth', 'Authorization', 'authorized', 'Authorized', N'DLOCAL *Starlink Phili Manila         PH', N'Card auth', DATEADD(DAY, -172, GETUTCDATE()));
INSERT INTO dbo.tblT_Card_Transaction (CardNo, TradeNo, OriginTradeNo, Currency, Amount, AuthorizedCurrency, AuthorizedAmount, Fee, FeeCurrency, Type, TypeStr, Status, StatusStr, MerchantName, Description, TransactionTime) VALUES ('4024001000000014', '5EEDTXN001405', '5EEDTXN001405', 'HKD', 235.00, 'USD', 30.13, 0.00, 'USD', 'auth', 'Authorization', 'authorized', 'Authorized', N'LAYERSTACK             CHEUNG SHA WA  HK', N'Card auth', DATEADD(DAY, -171, GETUTCDATE()));
INSERT INTO dbo.tblT_Card_Transaction (CardNo, TradeNo, OriginTradeNo, Currency, Amount, AuthorizedCurrency, AuthorizedAmount, Fee, FeeCurrency, Type, TypeStr, Status, StatusStr, MerchantName, Description, TransactionTime) VALUES ('4024001000000014', '5EEDTXN001406', '5EEDTXN001406', 'USD', 105.99, 'USD', 105.99, 0.00, 'USD', 'auth', 'Authorization', 'authorized', 'Authorized', N'ANTHROPIC* CLAUDE SUB  SAN FRANCISCOCAUS', N'Card auth', DATEADD(DAY, -170, GETUTCDATE()));
INSERT INTO dbo.tblT_Card_Transaction (CardNo, TradeNo, OriginTradeNo, Currency, Amount, AuthorizedCurrency, AuthorizedAmount, Fee, FeeCurrency, Type, TypeStr, Status, StatusStr, MerchantName, Description, TransactionTime) VALUES ('4024001000000014', '5EEDTXN001407', '5EEDTXN001407', 'USD', 0.00, 'USD', 0.00, 0.00, 'USD', 'verification', 'Verification', 'succeed', 'Succeed', N'GITHUB, INC.           SAN FRANCISCOCAUS', N'Card verification', DATEADD(DAY, -169, GETUTCDATE()));
INSERT INTO dbo.tblT_Card_Transaction (CardNo, TradeNo, OriginTradeNo, Currency, Amount, AuthorizedCurrency, AuthorizedAmount, Fee, FeeCurrency, Type, TypeStr, Status, StatusStr, MerchantName, Description, TransactionTime) VALUES ('4024001000000014', '5EEDTXN001408', '5EEDTXN001408', 'USD', 0.50, 'USD', 0.50, 0.00, 'USD', 'maintain_fee', 'Card fee', 'succeed', 'Succeed', N'GITHUB, INC.           SAN FRANCISCOCAUS', N'Card maintain_fee', DATEADD(DAY, -168, GETUTCDATE()));
INSERT INTO dbo.tblT_Card_Deposit (ID, UserID, OrderNo, CardNo, Network, Symbol, Currency, Amount, Fee, Total, ReceivedAmount, Type, Status, DateTransaction, Address, Txhash) VALUES (N'5eedcd55-0000-0000-0001-000000000014', N'5eedaaaa-0000-0000-0000-000000000016', '5EEDDEPO001401', '4024001000000014', 'TRC20', 'USDT', 'USD', 50.00, 1.50, 51.50, 50.00, 'Crypto', 'expired', DATEADD(DAY, -175, GETUTCDATE()), 'TDEVSEEDDEP00000000000000000000141', NULL);
INSERT INTO dbo.tblT_Card_Balance (ID, CardNo, Amount, UsedAmount, Currency) VALUES (N'5eedcb44-0000-0000-0000-000000000014', '4024001000000014', 0.00, 218.11, 'USD');

-- ---- user #17 (Yuki Lund) ----
INSERT INTO dbo.tblM_User (UserID, Email, FirstName, LastName, Password, RoleID, Phone, isActive, isVerified, isBanned, DateJoin) VALUES (N'5eedaaaa-0000-0000-0000-000000000017', N'dev.user17@synthetic.kash.local', N'Yuki', N'Lund', N'DEV-SYNTHETIC-NO-LOGIN', 'role-owner', '+15005550017', 1, 1, 0, DATEADD(DAY, -192, GETUTCDATE()));
INSERT INTO dbo.tblM_User_Commission     (CommissionID, UserID, Commission, DateCreated) VALUES (N'5eedc011-0000-0000-0000-000000000017', N'5eedaaaa-0000-0000-0000-000000000017', 0.1, DATEADD(DAY, -192, GETUTCDATE()));
INSERT INTO dbo.tblM_User_Referral       (UserID, Code, DateCreated) VALUES (N'5eedaaaa-0000-0000-0000-000000000017', 'DEV00017', DATEADD(DAY, -192, GETUTCDATE()));
INSERT INTO dbo.tblM_User_Crypto_Deposit (ID, UserID, NetworkID, Address, isActive, DateCreated) VALUES (N'5eedcd22-0000-0000-0000-000000000017', N'5eedaaaa-0000-0000-0000-000000000017', 'F580A411-0E37-4287-B975-408172A2B4BF', 'TDEVSEED000000000000000000000000017', 1, DATEADD(DAY, -192, GETUTCDATE()));
INSERT INTO dbo.tblH_User_Balance (UserID, BalanceID, TransactionID, Type, BalancePrevious, Amount, Commision, CommisionInPercentage, Balance, CreatedDate, Status) VALUES (N'5eedaaaa-0000-0000-0000-000000000017', N'5eedba33-0000-0000-0000-000000000017', N'5EED-017-01-CRY', 'Crypto Deposit', 0.00, 829.00, 0, 0, 829.00, DATEADD(DAY, -191, GETUTCDATE()), 'Completed');
INSERT INTO dbo.tblM_User_Balance (BalanceID, UserID, Currency, Balance, isActive, DateCreated) VALUES (N'5eedba33-0000-0000-0000-000000000017', N'5eedaaaa-0000-0000-0000-000000000017', 'USDT', 829.00, 1, DATEADD(DAY, -192, GETUTCDATE()));

-- ---- user #18 (Hana Patel) ----
INSERT INTO dbo.tblM_User (UserID, Email, FirstName, LastName, Password, RoleID, Phone, isActive, isVerified, isBanned, DateJoin) VALUES (N'5eedaaaa-0000-0000-0000-000000000018', N'dev.user18@synthetic.kash.local', N'Hana', N'Patel', N'DEV-SYNTHETIC-NO-LOGIN', 'role-owner', '+15005550018', 1, 1, 0, DATEADD(DAY, -203, GETUTCDATE()));
INSERT INTO dbo.tblM_User_Commission     (CommissionID, UserID, Commission, DateCreated) VALUES (N'5eedc011-0000-0000-0000-000000000018', N'5eedaaaa-0000-0000-0000-000000000018', 0.1, DATEADD(DAY, -203, GETUTCDATE()));
INSERT INTO dbo.tblM_User_Referral       (UserID, Code, DateCreated) VALUES (N'5eedaaaa-0000-0000-0000-000000000018', 'DEV00018', DATEADD(DAY, -203, GETUTCDATE()));
INSERT INTO dbo.tblM_User_Crypto_Deposit (ID, UserID, NetworkID, Address, isActive, DateCreated) VALUES (N'5eedcd22-0000-0000-0000-000000000018', N'5eedaaaa-0000-0000-0000-000000000018', 'F580A411-0E37-4287-B975-408172A2B4BF', 'TDEVSEED000000000000000000000000018', 1, DATEADD(DAY, -203, GETUTCDATE()));
INSERT INTO dbo.tblH_User_Balance (UserID, BalanceID, TransactionID, Type, BalancePrevious, Amount, Commision, CommisionInPercentage, Balance, CreatedDate, Status) VALUES (N'5eedaaaa-0000-0000-0000-000000000018', N'5eedba33-0000-0000-0000-000000000018', N'5EED-018-01-CRY', 'Crypto Deposit', 0.00, 866.00, 0, 0, 866.00, DATEADD(DAY, -202, GETUTCDATE()), 'Completed');
INSERT INTO dbo.tblH_User_Balance (UserID, BalanceID, TransactionID, Type, BalancePrevious, Amount, Commision, CommisionInPercentage, Balance, CreatedDate, Status) VALUES (N'5eedaaaa-0000-0000-0000-000000000018', N'5eedba33-0000-0000-0000-000000000018', N'5EED-018-02-CAR', 'Card Open', 866.00, -10.00, 0, 0, 856.00, DATEADD(DAY, -201, GETUTCDATE()), 'Completed');
INSERT INTO dbo.tblH_User_Balance (UserID, BalanceID, TransactionID, Type, BalancePrevious, Amount, Commision, CommisionInPercentage, Balance, CreatedDate, Status) VALUES (N'5eedaaaa-0000-0000-0000-000000000018', N'5eedba33-0000-0000-0000-000000000018', N'5EED-018-03-CAR', 'Card Open', 856.00, -10.00, 0, 0, 846.00, DATEADD(DAY, -198, GETUTCDATE()), 'Completed');
INSERT INTO dbo.tblM_User_Balance (BalanceID, UserID, Currency, Balance, isActive, DateCreated) VALUES (N'5eedba33-0000-0000-0000-000000000018', N'5eedaaaa-0000-0000-0000-000000000018', 'USDT', 846.00, 1, DATEADD(DAY, -203, GETUTCDATE()));
INSERT INTO dbo.tblT_Card (ID, UserID, CardTypeId, CardNo, CardNumber, CVV, ValidPeriod, Currency, Price, Total, Status, isActive, DateCreated) VALUES (N'5eedca01-0000-0000-0000-000000000018', N'5eedaaaa-0000-0000-0000-000000000018', 111028, '4024001000000015', N'4024 00** **** 0015', '205', '04/29', 'USD', 10.00, 10.00, 'active', 1, DATEADD(DAY, -198, GETUTCDATE()));
INSERT INTO dbo.tblT_Card_Transaction (CardNo, TradeNo, OriginTradeNo, Currency, Amount, AuthorizedCurrency, AuthorizedAmount, Fee, FeeCurrency, Type, TypeStr, Status, StatusStr, MerchantName, Description, TransactionTime) VALUES ('4024001000000015', '5EEDTXN001501', '5EEDTXN001501', 'PHP', 418.00, 'USD', 7.21, 0.00, 'USD', 'auth', 'Authorization', 'authorized', 'Authorized', N'DLOCAL *Starlink Phili Manila         PH', N'Card auth', DATEADD(DAY, -197, GETUTCDATE()));
INSERT INTO dbo.tblT_Card_Transaction (CardNo, TradeNo, OriginTradeNo, Currency, Amount, AuthorizedCurrency, AuthorizedAmount, Fee, FeeCurrency, Type, TypeStr, Status, StatusStr, MerchantName, Description, TransactionTime) VALUES ('4024001000000015', '5EEDTXN001502', '5EEDTXN001502', 'HKD', 153.00, 'USD', 19.62, 0.00, 'USD', 'auth', 'Authorization', 'failed', 'Fail', N'LAYERSTACK             CHEUNG SHA WA  HK', N'Card auth', DATEADD(DAY, -196, GETUTCDATE()));
INSERT INTO dbo.tblT_Card_Transaction (CardNo, TradeNo, OriginTradeNo, Currency, Amount, AuthorizedCurrency, AuthorizedAmount, Fee, FeeCurrency, Type, TypeStr, Status, StatusStr, MerchantName, Description, TransactionTime) VALUES ('4024001000000015', '5EEDTXN001503', '5EEDTXN001503', 'USD', 97.99, 'USD', 97.99, 0.00, 'USD', 'auth', 'Authorization', 'authorized', 'Authorized', N'ANTHROPIC* CLAUDE SUB  SAN FRANCISCOCAUS', N'Card auth', DATEADD(DAY, -195, GETUTCDATE()));
INSERT INTO dbo.tblT_Card_Transaction (CardNo, TradeNo, OriginTradeNo, Currency, Amount, AuthorizedCurrency, AuthorizedAmount, Fee, FeeCurrency, Type, TypeStr, Status, StatusStr, MerchantName, Description, TransactionTime) VALUES ('4024001000000015', '5EEDTXN001504', '5EEDTXN001504', 'USD', 104.99, 'USD', 104.99, 0.00, 'USD', 'auth', 'Authorization', 'authorized', 'Authorized', N'OPENAI         *CHATGPT SAN FRANCISCOCAUS', N'Card auth', DATEADD(DAY, -194, GETUTCDATE()));
INSERT INTO dbo.tblT_Card_Transaction (CardNo, TradeNo, OriginTradeNo, Currency, Amount, AuthorizedCurrency, AuthorizedAmount, Fee, FeeCurrency, Type, TypeStr, Status, StatusStr, MerchantName, Description, TransactionTime) VALUES ('4024001000000015', '5EEDTXN001505', '5EEDTXN001505', 'USD', 0.00, 'USD', 0.00, 0.00, 'USD', 'verification', 'Verification', 'succeed', 'Succeed', N'AMAZON WEB SERVICES    SEATTLE      WAUS', N'Card verification', DATEADD(DAY, -193, GETUTCDATE()));
INSERT INTO dbo.tblT_Card_Transaction (CardNo, TradeNo, OriginTradeNo, Currency, Amount, AuthorizedCurrency, AuthorizedAmount, Fee, FeeCurrency, Type, TypeStr, Status, StatusStr, MerchantName, Description, TransactionTime) VALUES ('4024001000000015', '5EEDTXN001506', '5EEDTXN001506', 'USD', 0.50, 'USD', 0.50, 0.00, 'USD', 'maintain_fee', 'Card fee', 'succeed', 'Succeed', N'AMAZON WEB SERVICES    SEATTLE      WAUS', N'Card maintain_fee', DATEADD(DAY, -192, GETUTCDATE()));
INSERT INTO dbo.tblT_Card_Transaction (CardNo, TradeNo, OriginTradeNo, Currency, Amount, AuthorizedCurrency, AuthorizedAmount, Fee, FeeCurrency, Type, TypeStr, Status, StatusStr, MerchantName, Description, TransactionTime) VALUES ('4024001000000015', '5EEDTXN001507', '5EEDTXN001507', 'USD', 20.00, 'USD', 20.00, 0.00, 'USD', 'refund', 'Refund', 'succeed', 'Success', N'GOOGLE *WORKSPACE      Dublin         IE', N'Card refund', DATEADD(DAY, -191, GETUTCDATE()));
INSERT INTO dbo.tblT_Card_Deposit (ID, UserID, OrderNo, CardNo, Network, Symbol, Currency, Amount, Fee, Total, ReceivedAmount, Type, Status, DateTransaction, Address, Txhash) VALUES (N'5eedcd55-0000-0000-0001-000000000015', N'5eedaaaa-0000-0000-0000-000000000018', '5EEDDEPO001501', '4024001000000015', 'TRC20', 'USDT', 'USD', 100.00, 3.00, 103.00, 100.00, 'Crypto', 'success', DATEADD(DAY, -197, GETUTCDATE()), 'TDEVSEEDDEP00000000000000000000151', '5eeddep001501000000000000000000000000000000000000000000000000000');
INSERT INTO dbo.tblT_Card_Deposit (ID, UserID, OrderNo, CardNo, Network, Symbol, Currency, Amount, Fee, Total, ReceivedAmount, Type, Status, DateTransaction, Address, Txhash) VALUES (N'5eedcd55-0000-0000-0002-000000000015', N'5eedaaaa-0000-0000-0000-000000000018', '5EEDDEPO001502', '4024001000000015', 'TRC20', 'USDT', 'USD', 150.00, 4.50, 154.50, 150.00, 'Crypto', 'success', DATEADD(DAY, -193, GETUTCDATE()), 'TDEVSEEDDEP00000000000000000000152', '5eeddep001502000000000000000000000000000000000000000000000000000');
INSERT INTO dbo.tblT_Card_Balance (ID, CardNo, Amount, UsedAmount, Currency) VALUES (N'5eedcb44-0000-0000-0000-000000000015', '4024001000000015', 0.00, 210.19, 'USD');
INSERT INTO dbo.tblT_Card (ID, UserID, CardTypeId, CardNo, CardNumber, CVV, ValidPeriod, Currency, Price, Total, Status, isActive, DateCreated) VALUES (N'5eedca02-0000-0000-0000-000000000018', N'5eedaaaa-0000-0000-0000-000000000018', 111028, '4024001000000016', N'4024 00** **** 0016', '212', '05/30', 'USD', 10.00, 10.00, 'cancelled', 0, DATEADD(DAY, -195, GETUTCDATE()));
INSERT INTO dbo.tblT_Card_Transaction (CardNo, TradeNo, OriginTradeNo, Currency, Amount, AuthorizedCurrency, AuthorizedAmount, Fee, FeeCurrency, Type, TypeStr, Status, StatusStr, MerchantName, Description, TransactionTime) VALUES ('4024001000000016', '5EEDTXN001601', '5EEDTXN001601', 'USD', 96.99, 'USD', 96.99, 0.00, 'USD', 'auth', 'Authorization', 'authorized', 'Authorized', N'OPENAI         *CHATGPT SAN FRANCISCOCAUS', N'Card auth', DATEADD(DAY, -194, GETUTCDATE()));
INSERT INTO dbo.tblT_Card_Transaction (CardNo, TradeNo, OriginTradeNo, Currency, Amount, AuthorizedCurrency, AuthorizedAmount, Fee, FeeCurrency, Type, TypeStr, Status, StatusStr, MerchantName, Description, TransactionTime) VALUES ('4024001000000016', '5EEDTXN001602', '5EEDTXN001602', 'USD', 103.99, 'USD', 103.99, 0.00, 'USD', 'auth', 'Authorization', 'failed', 'Fail', N'GITHUB, INC.           SAN FRANCISCOCAUS', N'Card auth', DATEADD(DAY, -193, GETUTCDATE()));
INSERT INTO dbo.tblT_Card_Transaction (CardNo, TradeNo, OriginTradeNo, Currency, Amount, AuthorizedCurrency, AuthorizedAmount, Fee, FeeCurrency, Type, TypeStr, Status, StatusStr, MerchantName, Description, TransactionTime) VALUES ('4024001000000016', '5EEDTXN001603', '5EEDTXN001603', 'USD', 110.99, 'USD', 110.99, 0.00, 'USD', 'auth', 'Authorization', 'authorized', 'Authorized', N'AMAZON WEB SERVICES    SEATTLE      WAUS', N'Card auth', DATEADD(DAY, -192, GETUTCDATE()));
INSERT INTO dbo.tblT_Card_Transaction (CardNo, TradeNo, OriginTradeNo, Currency, Amount, AuthorizedCurrency, AuthorizedAmount, Fee, FeeCurrency, Type, TypeStr, Status, StatusStr, MerchantName, Description, TransactionTime) VALUES ('4024001000000016', '5EEDTXN001604', '5EEDTXN001604', 'USD', 117.99, 'USD', 117.99, 0.00, 'USD', 'auth', 'Authorization', 'authorized', 'Authorized', N'GOOGLE *WORKSPACE      Dublin         IE', N'Card auth', DATEADD(DAY, -191, GETUTCDATE()));
INSERT INTO dbo.tblT_Card_Transaction (CardNo, TradeNo, OriginTradeNo, Currency, Amount, AuthorizedCurrency, AuthorizedAmount, Fee, FeeCurrency, Type, TypeStr, Status, StatusStr, MerchantName, Description, TransactionTime) VALUES ('4024001000000016', '5EEDTXN001605', '5EEDTXN001605', 'USD', 4.99, 'USD', 4.99, 0.00, 'USD', 'auth', 'Authorization', 'authorized', 'Authorized', N'DNH*GODADDY.COM        AMSTERDAM      NL', N'Card auth', DATEADD(DAY, -190, GETUTCDATE()));
INSERT INTO dbo.tblT_Card_Transaction (CardNo, TradeNo, OriginTradeNo, Currency, Amount, AuthorizedCurrency, AuthorizedAmount, Fee, FeeCurrency, Type, TypeStr, Status, StatusStr, MerchantName, Description, TransactionTime) VALUES ('4024001000000016', '5EEDTXN001606', '5EEDTXN001606', 'USD', 0.00, 'USD', 0.00, 0.00, 'USD', 'verification', 'Verification', 'succeed', 'Succeed', N'GOOGLE *WORKSPACE      Dublin         IE', N'Card verification', DATEADD(DAY, -189, GETUTCDATE()));
INSERT INTO dbo.tblT_Card_Transaction (CardNo, TradeNo, OriginTradeNo, Currency, Amount, AuthorizedCurrency, AuthorizedAmount, Fee, FeeCurrency, Type, TypeStr, Status, StatusStr, MerchantName, Description, TransactionTime) VALUES ('4024001000000016', '5EEDTXN001607', '5EEDTXN001607', 'USD', 0.50, 'USD', 0.50, 0.00, 'USD', 'maintain_fee', 'Card fee', 'succeed', 'Succeed', N'GOOGLE *WORKSPACE      Dublin         IE', N'Card maintain_fee', DATEADD(DAY, -188, GETUTCDATE()));
INSERT INTO dbo.tblT_Card_Transaction (CardNo, TradeNo, OriginTradeNo, Currency, Amount, AuthorizedCurrency, AuthorizedAmount, Fee, FeeCurrency, Type, TypeStr, Status, StatusStr, MerchantName, Description, TransactionTime) VALUES ('4024001000000016', '5EEDTXN001608', '5EEDTXN001608', 'USD', 10.00, 'USD', 10.00, 0.00, 'USD', 'Void', 'Reversal', 'succeed', 'Succeed', N'NAME-CHEAP.COM* 7K2Q9X PHOENIX      AZUS', N'Card Void', DATEADD(DAY, -187, GETUTCDATE()));
INSERT INTO dbo.tblT_Card_Deposit (ID, UserID, OrderNo, CardNo, Network, Symbol, Currency, Amount, Fee, Total, ReceivedAmount, Type, Status, DateTransaction, Address, Txhash) VALUES (N'5eedcd55-0000-0000-0001-000000000016', N'5eedaaaa-0000-0000-0000-000000000018', '5EEDDEPO001601', '4024001000000016', 'TRC20', 'USDT', 'USD', 150.00, 4.50, 154.50, 150.00, 'Crypto', 'success', DATEADD(DAY, -194, GETUTCDATE()), 'TDEVSEEDDEP00000000000000000000161', '5eeddep001601000000000000000000000000000000000000000000000000000');
INSERT INTO dbo.tblT_Card_Balance (ID, CardNo, Amount, UsedAmount, Currency) VALUES (N'5eedcb44-0000-0000-0000-000000000016', '4024001000000016', 0.00, 330.96, 'USD');

-- ---- user #19 (Diego Bauer) ----
INSERT INTO dbo.tblM_User (UserID, Email, FirstName, LastName, Password, RoleID, Phone, isActive, isVerified, isBanned, DateJoin) VALUES (N'5eedaaaa-0000-0000-0000-000000000019', N'dev.user19@synthetic.kash.local', N'Diego', N'Bauer', N'DEV-SYNTHETIC-NO-LOGIN', 'role-owner', '+15005550019', 1, 1, 0, DATEADD(DAY, -214, GETUTCDATE()));
INSERT INTO dbo.tblM_User_Commission     (CommissionID, UserID, Commission, DateCreated) VALUES (N'5eedc011-0000-0000-0000-000000000019', N'5eedaaaa-0000-0000-0000-000000000019', 0.1, DATEADD(DAY, -214, GETUTCDATE()));
INSERT INTO dbo.tblM_User_Referral       (UserID, Code, DateCreated) VALUES (N'5eedaaaa-0000-0000-0000-000000000019', 'DEV00019', DATEADD(DAY, -214, GETUTCDATE()));
INSERT INTO dbo.tblM_User_Crypto_Deposit (ID, UserID, NetworkID, Address, isActive, DateCreated) VALUES (N'5eedcd22-0000-0000-0000-000000000019', N'5eedaaaa-0000-0000-0000-000000000019', 'F580A411-0E37-4287-B975-408172A2B4BF', 'TDEVSEED000000000000000000000000019', 1, DATEADD(DAY, -214, GETUTCDATE()));
INSERT INTO dbo.tblH_User_Balance (UserID, BalanceID, TransactionID, Type, BalancePrevious, Amount, Commision, CommisionInPercentage, Balance, CreatedDate, Status) VALUES (N'5eedaaaa-0000-0000-0000-000000000019', N'5eedba33-0000-0000-0000-000000000019', N'5EED-019-01-CRY', 'Crypto Deposit', 0.00, 903.00, 0, 0, 903.00, DATEADD(DAY, -213, GETUTCDATE()), 'Completed');
INSERT INTO dbo.tblM_User_Balance (BalanceID, UserID, Currency, Balance, isActive, DateCreated) VALUES (N'5eedba33-0000-0000-0000-000000000019', N'5eedaaaa-0000-0000-0000-000000000019', 'USDT', 903.00, 1, DATEADD(DAY, -214, GETUTCDATE()));

-- ---- user #20 (Priya Rossi) ----
INSERT INTO dbo.tblM_User (UserID, Email, FirstName, LastName, Password, RoleID, Phone, isActive, isVerified, isBanned, DateJoin) VALUES (N'5eedaaaa-0000-0000-0000-000000000020', N'dev.user20@synthetic.kash.local', N'Priya', N'Rossi', N'DEV-SYNTHETIC-NO-LOGIN', 'role-owner', '+15005550020', 1, 1, 0, DATEADD(DAY, -225, GETUTCDATE()));
INSERT INTO dbo.tblM_User_Commission     (CommissionID, UserID, Commission, DateCreated) VALUES (N'5eedc011-0000-0000-0000-000000000020', N'5eedaaaa-0000-0000-0000-000000000020', 0.1, DATEADD(DAY, -225, GETUTCDATE()));
INSERT INTO dbo.tblM_User_Referral       (UserID, Code, DateCreated) VALUES (N'5eedaaaa-0000-0000-0000-000000000020', 'DEV00020', DATEADD(DAY, -225, GETUTCDATE()));
INSERT INTO dbo.tblM_User_Crypto_Deposit (ID, UserID, NetworkID, Address, isActive, DateCreated) VALUES (N'5eedcd22-0000-0000-0000-000000000020', N'5eedaaaa-0000-0000-0000-000000000020', 'F580A411-0E37-4287-B975-408172A2B4BF', 'TDEVSEED000000000000000000000000020', 1, DATEADD(DAY, -225, GETUTCDATE()));
INSERT INTO dbo.tblM_User_Balance (BalanceID, UserID, Currency, Balance, isActive, DateCreated) VALUES (N'5eedba33-0000-0000-0000-000000000020', N'5eedaaaa-0000-0000-0000-000000000020', 'USDT', 0.00, 1, DATEADD(DAY, -225, GETUTCDATE()));

-- ---- user #21 (Lukas Sato) ----
INSERT INTO dbo.tblM_User (UserID, Email, FirstName, LastName, Password, RoleID, Phone, isActive, isVerified, isBanned, DateJoin) VALUES (N'5eedaaaa-0000-0000-0000-000000000021', N'dev.user21@synthetic.kash.local', N'Lukas', N'Sato', N'DEV-SYNTHETIC-NO-LOGIN', 'role-owner', '+15005550021', 1, 1, 0, DATEADD(DAY, -236, GETUTCDATE()));
INSERT INTO dbo.tblM_User_Commission     (CommissionID, UserID, Commission, DateCreated) VALUES (N'5eedc011-0000-0000-0000-000000000021', N'5eedaaaa-0000-0000-0000-000000000021', 0.1, DATEADD(DAY, -236, GETUTCDATE()));
INSERT INTO dbo.tblM_User_Referral       (UserID, Code, DateCreated) VALUES (N'5eedaaaa-0000-0000-0000-000000000021', 'DEV00021', DATEADD(DAY, -236, GETUTCDATE()));
INSERT INTO dbo.tblM_User_Crypto_Deposit (ID, UserID, NetworkID, Address, isActive, DateCreated) VALUES (N'5eedcd22-0000-0000-0000-000000000021', N'5eedaaaa-0000-0000-0000-000000000021', 'F580A411-0E37-4287-B975-408172A2B4BF', 'TDEVSEED000000000000000000000000021', 1, DATEADD(DAY, -236, GETUTCDATE()));
INSERT INTO dbo.tblH_User_Balance (UserID, BalanceID, TransactionID, Type, BalancePrevious, Amount, Commision, CommisionInPercentage, Balance, CreatedDate, Status) VALUES (N'5eedaaaa-0000-0000-0000-000000000021', N'5eedba33-0000-0000-0000-000000000021', N'5EED-021-01-CRY', 'Crypto Deposit', 0.00, 977.00, 0, 0, 977.00, DATEADD(DAY, -235, GETUTCDATE()), 'Completed');
INSERT INTO dbo.tblH_User_Balance (UserID, BalanceID, TransactionID, Type, BalancePrevious, Amount, Commision, CommisionInPercentage, Balance, CreatedDate, Status) VALUES (N'5eedaaaa-0000-0000-0000-000000000021', N'5eedba33-0000-0000-0000-000000000021', N'5EED-021-02-CAR', 'Card Open', 977.00, -10.00, 0, 0, 967.00, DATEADD(DAY, -234, GETUTCDATE()), 'Completed');
INSERT INTO dbo.tblM_User_Balance (BalanceID, UserID, Currency, Balance, isActive, DateCreated) VALUES (N'5eedba33-0000-0000-0000-000000000021', N'5eedaaaa-0000-0000-0000-000000000021', 'USDT', 967.00, 1, DATEADD(DAY, -236, GETUTCDATE()));
INSERT INTO dbo.tblT_Card (ID, UserID, CardTypeId, CardNo, CardNumber, CVV, ValidPeriod, Currency, Price, Total, Status, isActive, DateCreated) VALUES (N'5eedca01-0000-0000-0000-000000000021', N'5eedaaaa-0000-0000-0000-000000000021', 111028, '4024001000000017', N'4024 00** **** 0017', '219', '06/29', 'USD', 10.00, 10.00, 'active', 1, DATEADD(DAY, -231, GETUTCDATE()));
INSERT INTO dbo.tblT_Card_Transaction (CardNo, TradeNo, OriginTradeNo, Currency, Amount, AuthorizedCurrency, AuthorizedAmount, Fee, FeeCurrency, Type, TypeStr, Status, StatusStr, MerchantName, Description, TransactionTime) VALUES ('4024001000000017', '5EEDTXN001701', '5EEDTXN001701', 'USD', 109.99, 'USD', 109.99, 0.00, 'USD', 'auth', 'Authorization', 'authorized', 'Authorized', N'GOOGLE *WORKSPACE      Dublin         IE', N'Card auth', DATEADD(DAY, -230, GETUTCDATE()));
INSERT INTO dbo.tblT_Card_Transaction (CardNo, TradeNo, OriginTradeNo, Currency, Amount, AuthorizedCurrency, AuthorizedAmount, Fee, FeeCurrency, Type, TypeStr, Status, StatusStr, MerchantName, Description, TransactionTime) VALUES ('4024001000000017', '5EEDTXN001702', '5EEDTXN001702', 'USD', 116.99, 'USD', 116.99, 0.00, 'USD', 'auth', 'Authorization', 'failed', 'Fail', N'DNH*GODADDY.COM        AMSTERDAM      NL', N'Card auth', DATEADD(DAY, -229, GETUTCDATE()));
INSERT INTO dbo.tblT_Card_Transaction (CardNo, TradeNo, OriginTradeNo, Currency, Amount, AuthorizedCurrency, AuthorizedAmount, Fee, FeeCurrency, Type, TypeStr, Status, StatusStr, MerchantName, Description, TransactionTime) VALUES ('4024001000000017', '5EEDTXN001703', '5EEDTXN001703', 'USD', 3.99, 'USD', 3.99, 0.00, 'USD', 'auth', 'Authorization', 'authorized', 'Authorized', N'NAME-CHEAP.COM* 7K2Q9X PHOENIX      AZUS', N'Card auth', DATEADD(DAY, -228, GETUTCDATE()));
INSERT INTO dbo.tblT_Card_Transaction (CardNo, TradeNo, OriginTradeNo, Currency, Amount, AuthorizedCurrency, AuthorizedAmount, Fee, FeeCurrency, Type, TypeStr, Status, StatusStr, MerchantName, Description, TransactionTime) VALUES ('4024001000000017', '5EEDTXN001704', '5EEDTXN001704', 'USD', 10.99, 'USD', 10.99, 0.00, 'USD', 'auth', 'Authorization', 'authorized', 'Authorized', N'HOSTINGER* HOSTINGER.C WILMINGTON   DEUS', N'Card auth', DATEADD(DAY, -227, GETUTCDATE()));
INSERT INTO dbo.tblT_Card_Transaction (CardNo, TradeNo, OriginTradeNo, Currency, Amount, AuthorizedCurrency, AuthorizedAmount, Fee, FeeCurrency, Type, TypeStr, Status, StatusStr, MerchantName, Description, TransactionTime) VALUES ('4024001000000017', '5EEDTXN001705', '5EEDTXN001705', 'USD', 17.99, 'USD', 17.99, 0.00, 'USD', 'auth', 'Authorization', 'authorized', 'Authorized', N'CLOUDFLARE             SAN FRANCISCOCAUS', N'Card auth', DATEADD(DAY, -226, GETUTCDATE()));
INSERT INTO dbo.tblT_Card_Transaction (CardNo, TradeNo, OriginTradeNo, Currency, Amount, AuthorizedCurrency, AuthorizedAmount, Fee, FeeCurrency, Type, TypeStr, Status, StatusStr, MerchantName, Description, TransactionTime) VALUES ('4024001000000017', '5EEDTXN001706', '5EEDTXN001706', 'IDR', 20905.00, 'USD', 1.27, 0.00, 'USD', 'auth', 'Authorization', 'authorized', 'Authorized', N'AGODA.COM              Berlin         DE', N'Card auth', DATEADD(DAY, -225, GETUTCDATE()));
INSERT INTO dbo.tblT_Card_Transaction (CardNo, TradeNo, OriginTradeNo, Currency, Amount, AuthorizedCurrency, AuthorizedAmount, Fee, FeeCurrency, Type, TypeStr, Status, StatusStr, MerchantName, Description, TransactionTime) VALUES ('4024001000000017', '5EEDTXN001707', '5EEDTXN001707', 'USD', 0.00, 'USD', 0.00, 0.00, 'USD', 'verification', 'Verification', 'succeed', 'Succeed', N'DNH*GODADDY.COM        AMSTERDAM      NL', N'Card verification', DATEADD(DAY, -224, GETUTCDATE()));
INSERT INTO dbo.tblT_Card_Transaction (CardNo, TradeNo, OriginTradeNo, Currency, Amount, AuthorizedCurrency, AuthorizedAmount, Fee, FeeCurrency, Type, TypeStr, Status, StatusStr, MerchantName, Description, TransactionTime) VALUES ('4024001000000017', '5EEDTXN001708', '5EEDTXN001708', 'USD', 0.50, 'USD', 0.50, 0.00, 'USD', 'maintain_fee', 'Card fee', 'succeed', 'Succeed', N'DNH*GODADDY.COM        AMSTERDAM      NL', N'Card maintain_fee', DATEADD(DAY, -223, GETUTCDATE()));
INSERT INTO dbo.tblT_Card_Deposit (ID, UserID, OrderNo, CardNo, Network, Symbol, Currency, Amount, Fee, Total, ReceivedAmount, Type, Status, DateTransaction, Address, Txhash) VALUES (N'5eedcd55-0000-0000-0001-000000000017', N'5eedaaaa-0000-0000-0000-000000000021', '5EEDDEPO001701', '4024001000000017', 'TRC20', 'USDT', 'USD', 50.00, 1.50, 51.50, 50.00, 'Crypto', 'success', DATEADD(DAY, -230, GETUTCDATE()), 'TDEVSEEDDEP00000000000000000000171', '5eeddep001701000000000000000000000000000000000000000000000000000');
INSERT INTO dbo.tblT_Card_Deposit (ID, UserID, OrderNo, CardNo, Network, Symbol, Currency, Amount, Fee, Total, ReceivedAmount, Type, Status, DateTransaction, Address, Txhash) VALUES (N'5eedcd55-0000-0000-0002-000000000017', N'5eedaaaa-0000-0000-0000-000000000021', '5EEDDEPO001702', '4024001000000017', 'TRC20', 'USDT', 'USD', 100.00, 3.00, 103.00, 100.00, 'Crypto', 'success', DATEADD(DAY, -226, GETUTCDATE()), 'TDEVSEEDDEP00000000000000000000172', '5eeddep001702000000000000000000000000000000000000000000000000000');
INSERT INTO dbo.tblT_Card_Balance (ID, CardNo, Amount, UsedAmount, Currency) VALUES (N'5eedcb44-0000-0000-0000-000000000017', '4024001000000017', 55.77, 144.23, 'USD');

-- ---- user #22 (Chloe Okafor) ----
INSERT INTO dbo.tblM_User (UserID, Email, FirstName, LastName, Password, RoleID, Phone, isActive, isVerified, isBanned, DateJoin) VALUES (N'5eedaaaa-0000-0000-0000-000000000022', N'dev.user22@synthetic.kash.local', N'Chloe', N'Okafor', N'DEV-SYNTHETIC-NO-LOGIN', 'role-owner', '+15005550022', 1, 1, 0, DATEADD(DAY, -247, GETUTCDATE()));
INSERT INTO dbo.tblM_User_Commission     (CommissionID, UserID, Commission, DateCreated) VALUES (N'5eedc011-0000-0000-0000-000000000022', N'5eedaaaa-0000-0000-0000-000000000022', 0.1, DATEADD(DAY, -247, GETUTCDATE()));
INSERT INTO dbo.tblM_User_Referral       (UserID, Code, DateCreated) VALUES (N'5eedaaaa-0000-0000-0000-000000000022', 'DEV00022', DATEADD(DAY, -247, GETUTCDATE()));
INSERT INTO dbo.tblM_User_Crypto_Deposit (ID, UserID, NetworkID, Address, isActive, DateCreated) VALUES (N'5eedcd22-0000-0000-0000-000000000022', N'5eedaaaa-0000-0000-0000-000000000022', 'F580A411-0E37-4287-B975-408172A2B4BF', 'TDEVSEED000000000000000000000000022', 1, DATEADD(DAY, -247, GETUTCDATE()));
INSERT INTO dbo.tblH_User_Balance (UserID, BalanceID, TransactionID, Type, BalancePrevious, Amount, Commision, CommisionInPercentage, Balance, CreatedDate, Status) VALUES (N'5eedaaaa-0000-0000-0000-000000000022', N'5eedba33-0000-0000-0000-000000000022', N'5EED-022-01-CRY', 'Crypto Deposit', 0.00, 214.00, 0, 0, 214.00, DATEADD(DAY, -246, GETUTCDATE()), 'Completed');
INSERT INTO dbo.tblH_User_Balance (UserID, BalanceID, TransactionID, Type, BalancePrevious, Amount, Commision, CommisionInPercentage, Balance, CreatedDate, Status) VALUES (N'5eedaaaa-0000-0000-0000-000000000022', N'5eedba33-0000-0000-0000-000000000022', N'5EED-022-02-CAR', 'Card Open', 214.00, -10.00, 0, 0, 204.00, DATEADD(DAY, -245, GETUTCDATE()), 'Completed');
INSERT INTO dbo.tblM_User_Balance (BalanceID, UserID, Currency, Balance, isActive, DateCreated) VALUES (N'5eedba33-0000-0000-0000-000000000022', N'5eedaaaa-0000-0000-0000-000000000022', 'USDT', 204.00, 1, DATEADD(DAY, -247, GETUTCDATE()));
INSERT INTO dbo.tblT_Card (ID, UserID, CardTypeId, CardNo, CardNumber, CVV, ValidPeriod, Currency, Price, Total, Status, isActive, DateCreated) VALUES (N'5eedca01-0000-0000-0000-000000000022', N'5eedaaaa-0000-0000-0000-000000000022', 111028, '4024001000000018', N'4024 00** **** 0018', '226', '07/29', 'USD', 10.00, 10.00, 'active', 1, DATEADD(DAY, -242, GETUTCDATE()));
INSERT INTO dbo.tblT_Card_Transaction (CardNo, TradeNo, OriginTradeNo, Currency, Amount, AuthorizedCurrency, AuthorizedAmount, Fee, FeeCurrency, Type, TypeStr, Status, StatusStr, MerchantName, Description, TransactionTime) VALUES ('4024001000000018', '5EEDTXN001801', '5EEDTXN001801', 'USD', 2.99, 'USD', 2.99, 0.00, 'USD', 'auth', 'Authorization', 'authorized', 'Authorized', N'HOSTINGER* HOSTINGER.C WILMINGTON   DEUS', N'Card auth', DATEADD(DAY, -241, GETUTCDATE()));
INSERT INTO dbo.tblT_Card_Transaction (CardNo, TradeNo, OriginTradeNo, Currency, Amount, AuthorizedCurrency, AuthorizedAmount, Fee, FeeCurrency, Type, TypeStr, Status, StatusStr, MerchantName, Description, TransactionTime) VALUES ('4024001000000018', '5EEDTXN001802', '5EEDTXN001802', 'USD', 9.99, 'USD', 9.99, 0.00, 'USD', 'auth', 'Authorization', 'failed', 'Fail', N'CLOUDFLARE             SAN FRANCISCOCAUS', N'Card auth', DATEADD(DAY, -240, GETUTCDATE()));
INSERT INTO dbo.tblT_Card_Transaction (CardNo, TradeNo, OriginTradeNo, Currency, Amount, AuthorizedCurrency, AuthorizedAmount, Fee, FeeCurrency, Type, TypeStr, Status, StatusStr, MerchantName, Description, TransactionTime) VALUES ('4024001000000018', '5EEDTXN001803', '5EEDTXN001803', 'IDR', 20519.00, 'USD', 1.24, 0.00, 'USD', 'auth', 'Authorization', 'authorized', 'Authorized', N'AGODA.COM              Berlin         DE', N'Card auth', DATEADD(DAY, -239, GETUTCDATE()));
INSERT INTO dbo.tblT_Card_Transaction (CardNo, TradeNo, OriginTradeNo, Currency, Amount, AuthorizedCurrency, AuthorizedAmount, Fee, FeeCurrency, Type, TypeStr, Status, StatusStr, MerchantName, Description, TransactionTime) VALUES ('4024001000000018', '5EEDTXN001804', '5EEDTXN001804', 'PHP', 610.00, 'USD', 10.52, 0.00, 'USD', 'auth', 'Authorization', 'authorized', 'Authorized', N'DLOCAL *Starlink Phili Manila         PH', N'Card auth', DATEADD(DAY, -238, GETUTCDATE()));
INSERT INTO dbo.tblT_Card_Transaction (CardNo, TradeNo, OriginTradeNo, Currency, Amount, AuthorizedCurrency, AuthorizedAmount, Fee, FeeCurrency, Type, TypeStr, Status, StatusStr, MerchantName, Description, TransactionTime) VALUES ('4024001000000018', '5EEDTXN001805', '5EEDTXN001805', 'USD', 0.00, 'USD', 0.00, 0.00, 'USD', 'verification', 'Verification', 'succeed', 'Succeed', N'NAME-CHEAP.COM* 7K2Q9X PHOENIX      AZUS', N'Card verification', DATEADD(DAY, -237, GETUTCDATE()));
INSERT INTO dbo.tblT_Card_Transaction (CardNo, TradeNo, OriginTradeNo, Currency, Amount, AuthorizedCurrency, AuthorizedAmount, Fee, FeeCurrency, Type, TypeStr, Status, StatusStr, MerchantName, Description, TransactionTime) VALUES ('4024001000000018', '5EEDTXN001806', '5EEDTXN001806', 'USD', 0.50, 'USD', 0.50, 0.00, 'USD', 'maintain_fee', 'Card fee', 'succeed', 'Succeed', N'NAME-CHEAP.COM* 7K2Q9X PHOENIX      AZUS', N'Card maintain_fee', DATEADD(DAY, -236, GETUTCDATE()));
INSERT INTO dbo.tblT_Card_Transaction (CardNo, TradeNo, OriginTradeNo, Currency, Amount, AuthorizedCurrency, AuthorizedAmount, Fee, FeeCurrency, Type, TypeStr, Status, StatusStr, MerchantName, Description, TransactionTime) VALUES ('4024001000000018', '5EEDTXN001807', '5EEDTXN001807', 'USD', 23.00, 'USD', 23.00, 0.00, 'USD', 'refund', 'Refund', 'succeed', 'Success', N'HOSTINGER* HOSTINGER.C WILMINGTON   DEUS', N'Card refund', DATEADD(DAY, -235, GETUTCDATE()));
INSERT INTO dbo.tblT_Card_Deposit (ID, UserID, OrderNo, CardNo, Network, Symbol, Currency, Amount, Fee, Total, ReceivedAmount, Type, Status, DateTransaction, Address, Txhash) VALUES (N'5eedcd55-0000-0000-0001-000000000018', N'5eedaaaa-0000-0000-0000-000000000022', '5EEDDEPO001801', '4024001000000018', 'TRC20', 'USDT', 'USD', 100.00, 3.00, 103.00, 100.00, 'Crypto', 'success', DATEADD(DAY, -241, GETUTCDATE()), 'TDEVSEEDDEP00000000000000000000181', '5eeddep001801000000000000000000000000000000000000000000000000000');
INSERT INTO dbo.tblT_Card_Balance (ID, CardNo, Amount, UsedAmount, Currency) VALUES (N'5eedcb44-0000-0000-0000-000000000018', '4024001000000018', 85.25, 14.75, 'USD');

-- ---- user #23 (Arun Ivanov) ----
INSERT INTO dbo.tblM_User (UserID, Email, FirstName, LastName, Password, RoleID, Phone, isActive, isVerified, isBanned, DateJoin) VALUES (N'5eedaaaa-0000-0000-0000-000000000023', N'dev.user23@synthetic.kash.local', N'Arun', N'Ivanov', N'DEV-SYNTHETIC-NO-LOGIN', 'role-owner', '+15005550023', 1, 1, 0, DATEADD(DAY, -258, GETUTCDATE()));
INSERT INTO dbo.tblM_User_Commission     (CommissionID, UserID, Commission, DateCreated) VALUES (N'5eedc011-0000-0000-0000-000000000023', N'5eedaaaa-0000-0000-0000-000000000023', 0.1, DATEADD(DAY, -258, GETUTCDATE()));
INSERT INTO dbo.tblM_User_Referral       (UserID, Code, DateCreated) VALUES (N'5eedaaaa-0000-0000-0000-000000000023', 'DEV00023', DATEADD(DAY, -258, GETUTCDATE()));
INSERT INTO dbo.tblM_User_Crypto_Deposit (ID, UserID, NetworkID, Address, isActive, DateCreated) VALUES (N'5eedcd22-0000-0000-0000-000000000023', N'5eedaaaa-0000-0000-0000-000000000023', 'F580A411-0E37-4287-B975-408172A2B4BF', 'TDEVSEED000000000000000000000000023', 1, DATEADD(DAY, -258, GETUTCDATE()));
INSERT INTO dbo.tblH_User_Balance (UserID, BalanceID, TransactionID, Type, BalancePrevious, Amount, Commision, CommisionInPercentage, Balance, CreatedDate, Status) VALUES (N'5eedaaaa-0000-0000-0000-000000000023', N'5eedba33-0000-0000-0000-000000000023', N'5EED-023-01-CRY', 'Crypto Deposit', 0.00, 251.00, 0, 0, 251.00, DATEADD(DAY, -257, GETUTCDATE()), 'Completed');
INSERT INTO dbo.tblM_User_Balance (BalanceID, UserID, Currency, Balance, isActive, DateCreated) VALUES (N'5eedba33-0000-0000-0000-000000000023', N'5eedaaaa-0000-0000-0000-000000000023', 'USDT', 251.00, 1, DATEADD(DAY, -258, GETUTCDATE()));

-- ---- user #24 (Maya Weber) ----
INSERT INTO dbo.tblM_User (UserID, Email, FirstName, LastName, Password, RoleID, Phone, isActive, isVerified, isBanned, DateJoin) VALUES (N'5eedaaaa-0000-0000-0000-000000000024', N'dev.user24@synthetic.kash.local', N'Maya', N'Weber', N'DEV-SYNTHETIC-NO-LOGIN', 'role-owner', '+15005550024', 1, 1, 0, DATEADD(DAY, -269, GETUTCDATE()));
INSERT INTO dbo.tblM_User_Commission     (CommissionID, UserID, Commission, DateCreated) VALUES (N'5eedc011-0000-0000-0000-000000000024', N'5eedaaaa-0000-0000-0000-000000000024', 0.1, DATEADD(DAY, -269, GETUTCDATE()));
INSERT INTO dbo.tblM_User_Referral       (UserID, Code, DateCreated) VALUES (N'5eedaaaa-0000-0000-0000-000000000024', 'DEV00024', DATEADD(DAY, -269, GETUTCDATE()));
INSERT INTO dbo.tblM_User_Crypto_Deposit (ID, UserID, NetworkID, Address, isActive, DateCreated) VALUES (N'5eedcd22-0000-0000-0000-000000000024', N'5eedaaaa-0000-0000-0000-000000000024', 'F580A411-0E37-4287-B975-408172A2B4BF', 'TDEVSEED000000000000000000000000024', 1, DATEADD(DAY, -269, GETUTCDATE()));
INSERT INTO dbo.tblH_User_Balance (UserID, BalanceID, TransactionID, Type, BalancePrevious, Amount, Commision, CommisionInPercentage, Balance, CreatedDate, Status) VALUES (N'5eedaaaa-0000-0000-0000-000000000024', N'5eedba33-0000-0000-0000-000000000024', N'5EED-024-01-CRY', 'Crypto Deposit', 0.00, 288.00, 0, 0, 288.00, DATEADD(DAY, -268, GETUTCDATE()), 'Completed');
INSERT INTO dbo.tblH_User_Balance (UserID, BalanceID, TransactionID, Type, BalancePrevious, Amount, Commision, CommisionInPercentage, Balance, CreatedDate, Status) VALUES (N'5eedaaaa-0000-0000-0000-000000000024', N'5eedba33-0000-0000-0000-000000000024', N'5EED-024-02-CRY', 'Crypto Deposit', 288.00, 162.00, 0, 0, 450.00, DATEADD(DAY, -20, GETUTCDATE()), 'Completed');
INSERT INTO dbo.tblH_User_Balance (UserID, BalanceID, TransactionID, Type, BalancePrevious, Amount, Commision, CommisionInPercentage, Balance, CreatedDate, Status) VALUES (N'5eedaaaa-0000-0000-0000-000000000024', N'5eedba33-0000-0000-0000-000000000024', N'5EED-024-03-CAR', 'Card Open', 450.00, -10.00, 0, 0, 440.00, DATEADD(DAY, -267, GETUTCDATE()), 'Completed');
INSERT INTO dbo.tblH_User_Balance (UserID, BalanceID, TransactionID, Type, BalancePrevious, Amount, Commision, CommisionInPercentage, Balance, CreatedDate, Status) VALUES (N'5eedaaaa-0000-0000-0000-000000000024', N'5eedba33-0000-0000-0000-000000000024', N'5EED-024-04-CAR', 'Card Open', 440.00, -10.00, 0, 0, 430.00, DATEADD(DAY, -264, GETUTCDATE()), 'Completed');
INSERT INTO dbo.tblM_User_Balance (BalanceID, UserID, Currency, Balance, isActive, DateCreated) VALUES (N'5eedba33-0000-0000-0000-000000000024', N'5eedaaaa-0000-0000-0000-000000000024', 'USDT', 430.00, 1, DATEADD(DAY, -269, GETUTCDATE()));
INSERT INTO dbo.tblT_Card (ID, UserID, CardTypeId, CardNo, CardNumber, CVV, ValidPeriod, Currency, Price, Total, Status, isActive, DateCreated) VALUES (N'5eedca01-0000-0000-0000-000000000024', N'5eedaaaa-0000-0000-0000-000000000024', 111028, '4024001000000019', N'4024 00** **** 0019', '233', '08/29', 'USD', 10.00, 10.00, 'active', 1, DATEADD(DAY, -264, GETUTCDATE()));
INSERT INTO dbo.tblT_Card_Transaction (CardNo, TradeNo, OriginTradeNo, Currency, Amount, AuthorizedCurrency, AuthorizedAmount, Fee, FeeCurrency, Type, TypeStr, Status, StatusStr, MerchantName, Description, TransactionTime) VALUES ('4024001000000019', '5EEDTXN001901', '5EEDTXN001901', 'PHP', 462.00, 'USD', 7.97, 0.00, 'USD', 'auth', 'Authorization', 'authorized', 'Authorized', N'DLOCAL *Starlink Phili Manila         PH', N'Card auth', DATEADD(DAY, -263, GETUTCDATE()));
INSERT INTO dbo.tblT_Card_Transaction (CardNo, TradeNo, OriginTradeNo, Currency, Amount, AuthorizedCurrency, AuthorizedAmount, Fee, FeeCurrency, Type, TypeStr, Status, StatusStr, MerchantName, Description, TransactionTime) VALUES ('4024001000000019', '5EEDTXN001902', '5EEDTXN001902', 'HKD', 173.00, 'USD', 22.18, 0.00, 'USD', 'auth', 'Authorization', 'failed', 'Fail', N'LAYERSTACK             CHEUNG SHA WA  HK', N'Card auth', DATEADD(DAY, -262, GETUTCDATE()));
INSERT INTO dbo.tblT_Card_Transaction (CardNo, TradeNo, OriginTradeNo, Currency, Amount, AuthorizedCurrency, AuthorizedAmount, Fee, FeeCurrency, Type, TypeStr, Status, StatusStr, MerchantName, Description, TransactionTime) VALUES ('4024001000000019', '5EEDTXN001903', '5EEDTXN001903', 'USD', 29.99, 'USD', 29.99, 0.00, 'USD', 'auth', 'Authorization', 'authorized', 'Authorized', N'ANTHROPIC* CLAUDE SUB  SAN FRANCISCOCAUS', N'Card auth', DATEADD(DAY, -261, GETUTCDATE()));
INSERT INTO dbo.tblT_Card_Transaction (CardNo, TradeNo, OriginTradeNo, Currency, Amount, AuthorizedCurrency, AuthorizedAmount, Fee, FeeCurrency, Type, TypeStr, Status, StatusStr, MerchantName, Description, TransactionTime) VALUES ('4024001000000019', '5EEDTXN001904', '5EEDTXN001904', 'USD', 36.99, 'USD', 36.99, 0.00, 'USD', 'auth', 'Authorization', 'authorized', 'Authorized', N'OPENAI         *CHATGPT SAN FRANCISCOCAUS', N'Card auth', DATEADD(DAY, -260, GETUTCDATE()));
INSERT INTO dbo.tblT_Card_Transaction (CardNo, TradeNo, OriginTradeNo, Currency, Amount, AuthorizedCurrency, AuthorizedAmount, Fee, FeeCurrency, Type, TypeStr, Status, StatusStr, MerchantName, Description, TransactionTime) VALUES ('4024001000000019', '5EEDTXN001905', '5EEDTXN001905', 'USD', 43.99, 'USD', 43.99, 0.00, 'USD', 'auth', 'Authorization', 'authorized', 'Authorized', N'GITHUB, INC.           SAN FRANCISCOCAUS', N'Card auth', DATEADD(DAY, -259, GETUTCDATE()));
INSERT INTO dbo.tblT_Card_Transaction (CardNo, TradeNo, OriginTradeNo, Currency, Amount, AuthorizedCurrency, AuthorizedAmount, Fee, FeeCurrency, Type, TypeStr, Status, StatusStr, MerchantName, Description, TransactionTime) VALUES ('4024001000000019', '5EEDTXN001906', '5EEDTXN001906', 'USD', 0.00, 'USD', 0.00, 0.00, 'USD', 'verification', 'Verification', 'succeed', 'Succeed', N'HOSTINGER* HOSTINGER.C WILMINGTON   DEUS', N'Card verification', DATEADD(DAY, -258, GETUTCDATE()));
INSERT INTO dbo.tblT_Card_Transaction (CardNo, TradeNo, OriginTradeNo, Currency, Amount, AuthorizedCurrency, AuthorizedAmount, Fee, FeeCurrency, Type, TypeStr, Status, StatusStr, MerchantName, Description, TransactionTime) VALUES ('4024001000000019', '5EEDTXN001907', '5EEDTXN001907', 'USD', 0.50, 'USD', 0.50, 0.00, 'USD', 'maintain_fee', 'Card fee', 'succeed', 'Succeed', N'HOSTINGER* HOSTINGER.C WILMINGTON   DEUS', N'Card maintain_fee', DATEADD(DAY, -257, GETUTCDATE()));
INSERT INTO dbo.tblT_Card_Deposit (ID, UserID, OrderNo, CardNo, Network, Symbol, Currency, Amount, Fee, Total, ReceivedAmount, Type, Status, DateTransaction, Address, Txhash) VALUES (N'5eedcd55-0000-0000-0001-000000000019', N'5eedaaaa-0000-0000-0000-000000000024', '5EEDDEPO001901', '4024001000000019', 'TRC20', 'USDT', 'USD', 150.00, 4.50, 154.50, 150.00, 'Crypto', 'success', DATEADD(DAY, -263, GETUTCDATE()), 'TDEVSEEDDEP00000000000000000000191', '5eeddep001901000000000000000000000000000000000000000000000000000');
INSERT INTO dbo.tblT_Card_Deposit (ID, UserID, OrderNo, CardNo, Network, Symbol, Currency, Amount, Fee, Total, ReceivedAmount, Type, Status, DateTransaction, Address, Txhash) VALUES (N'5eedcd55-0000-0000-0002-000000000019', N'5eedaaaa-0000-0000-0000-000000000024', '5EEDDEPO001902', '4024001000000019', 'TRC20', 'USDT', 'USD', 50.00, 1.50, 51.50, 50.00, 'Crypto', 'success', DATEADD(DAY, -259, GETUTCDATE()), 'TDEVSEEDDEP00000000000000000000192', '5eeddep001902000000000000000000000000000000000000000000000000000');
INSERT INTO dbo.tblT_Card_Balance (ID, CardNo, Amount, UsedAmount, Currency) VALUES (N'5eedcb44-0000-0000-0000-000000000019', '4024001000000019', 31.06, 118.94, 'USD');
INSERT INTO dbo.tblT_Card (ID, UserID, CardTypeId, CardNo, CardNumber, CVV, ValidPeriod, Currency, Price, Total, Status, isActive, DateCreated) VALUES (N'5eedca02-0000-0000-0000-000000000024', N'5eedaaaa-0000-0000-0000-000000000024', 111028, '4024001000000020', N'4024 00** **** 0020', '240', '09/30', 'USD', 10.00, 10.00, 'cancelled', 0, DATEADD(DAY, -261, GETUTCDATE()));
INSERT INTO dbo.tblT_Card_Transaction (CardNo, TradeNo, OriginTradeNo, Currency, Amount, AuthorizedCurrency, AuthorizedAmount, Fee, FeeCurrency, Type, TypeStr, Status, StatusStr, MerchantName, Description, TransactionTime) VALUES ('4024001000000020', '5EEDTXN002001', '5EEDTXN002001', 'USD', 28.99, 'USD', 28.99, 0.00, 'USD', 'auth', 'Authorization', 'authorized', 'Authorized', N'OPENAI         *CHATGPT SAN FRANCISCOCAUS', N'Card auth', DATEADD(DAY, -260, GETUTCDATE()));
INSERT INTO dbo.tblT_Card_Transaction (CardNo, TradeNo, OriginTradeNo, Currency, Amount, AuthorizedCurrency, AuthorizedAmount, Fee, FeeCurrency, Type, TypeStr, Status, StatusStr, MerchantName, Description, TransactionTime) VALUES ('4024001000000020', '5EEDTXN002002', '5EEDTXN002002', 'USD', 35.99, 'USD', 35.99, 0.00, 'USD', 'auth', 'Authorization', 'failed', 'Fail', N'GITHUB, INC.           SAN FRANCISCOCAUS', N'Card auth', DATEADD(DAY, -259, GETUTCDATE()));
INSERT INTO dbo.tblT_Card_Transaction (CardNo, TradeNo, OriginTradeNo, Currency, Amount, AuthorizedCurrency, AuthorizedAmount, Fee, FeeCurrency, Type, TypeStr, Status, StatusStr, MerchantName, Description, TransactionTime) VALUES ('4024001000000020', '5EEDTXN002003', '5EEDTXN002003', 'USD', 42.99, 'USD', 42.99, 0.00, 'USD', 'auth', 'Authorization', 'authorized', 'Authorized', N'AMAZON WEB SERVICES    SEATTLE      WAUS', N'Card auth', DATEADD(DAY, -258, GETUTCDATE()));
INSERT INTO dbo.tblT_Card_Transaction (CardNo, TradeNo, OriginTradeNo, Currency, Amount, AuthorizedCurrency, AuthorizedAmount, Fee, FeeCurrency, Type, TypeStr, Status, StatusStr, MerchantName, Description, TransactionTime) VALUES ('4024001000000020', '5EEDTXN002004', '5EEDTXN002004', 'USD', 49.99, 'USD', 49.99, 0.00, 'USD', 'auth', 'Authorization', 'authorized', 'Authorized', N'GOOGLE *WORKSPACE      Dublin         IE', N'Card auth', DATEADD(DAY, -257, GETUTCDATE()));
INSERT INTO dbo.tblT_Card_Transaction (CardNo, TradeNo, OriginTradeNo, Currency, Amount, AuthorizedCurrency, AuthorizedAmount, Fee, FeeCurrency, Type, TypeStr, Status, StatusStr, MerchantName, Description, TransactionTime) VALUES ('4024001000000020', '5EEDTXN002005', '5EEDTXN002005', 'USD', 56.99, 'USD', 56.99, 0.00, 'USD', 'auth', 'Authorization', 'authorized', 'Authorized', N'DNH*GODADDY.COM        AMSTERDAM      NL', N'Card auth', DATEADD(DAY, -256, GETUTCDATE()));
INSERT INTO dbo.tblT_Card_Transaction (CardNo, TradeNo, OriginTradeNo, Currency, Amount, AuthorizedCurrency, AuthorizedAmount, Fee, FeeCurrency, Type, TypeStr, Status, StatusStr, MerchantName, Description, TransactionTime) VALUES ('4024001000000020', '5EEDTXN002006', '5EEDTXN002006', 'USD', 63.99, 'USD', 63.99, 0.00, 'USD', 'auth', 'Authorization', 'authorized', 'Authorized', N'NAME-CHEAP.COM* 7K2Q9X PHOENIX      AZUS', N'Card auth', DATEADD(DAY, -255, GETUTCDATE()));
INSERT INTO dbo.tblT_Card_Transaction (CardNo, TradeNo, OriginTradeNo, Currency, Amount, AuthorizedCurrency, AuthorizedAmount, Fee, FeeCurrency, Type, TypeStr, Status, StatusStr, MerchantName, Description, TransactionTime) VALUES ('4024001000000020', '5EEDTXN002007', '5EEDTXN002007', 'USD', 0.00, 'USD', 0.00, 0.00, 'USD', 'verification', 'Verification', 'succeed', 'Succeed', N'CLOUDFLARE             SAN FRANCISCOCAUS', N'Card verification', DATEADD(DAY, -254, GETUTCDATE()));
INSERT INTO dbo.tblT_Card_Transaction (CardNo, TradeNo, OriginTradeNo, Currency, Amount, AuthorizedCurrency, AuthorizedAmount, Fee, FeeCurrency, Type, TypeStr, Status, StatusStr, MerchantName, Description, TransactionTime) VALUES ('4024001000000020', '5EEDTXN002008', '5EEDTXN002008', 'USD', 0.50, 'USD', 0.50, 0.00, 'USD', 'maintain_fee', 'Card fee', 'succeed', 'Succeed', N'CLOUDFLARE             SAN FRANCISCOCAUS', N'Card maintain_fee', DATEADD(DAY, -253, GETUTCDATE()));
INSERT INTO dbo.tblT_Card_Transaction (CardNo, TradeNo, OriginTradeNo, Currency, Amount, AuthorizedCurrency, AuthorizedAmount, Fee, FeeCurrency, Type, TypeStr, Status, StatusStr, MerchantName, Description, TransactionTime) VALUES ('4024001000000020', '5EEDTXN002009', '5EEDTXN002009', 'USD', 14.00, 'USD', 14.00, 0.00, 'USD', 'Void', 'Reversal', 'succeed', 'Succeed', N'DLOCAL *Starlink Phili Manila         PH', N'Card Void', DATEADD(DAY, -252, GETUTCDATE()));
INSERT INTO dbo.tblT_Card_Deposit (ID, UserID, OrderNo, CardNo, Network, Symbol, Currency, Amount, Fee, Total, ReceivedAmount, Type, Status, DateTransaction, Address, Txhash) VALUES (N'5eedcd55-0000-0000-0001-000000000020', N'5eedaaaa-0000-0000-0000-000000000024', '5EEDDEPO002001', '4024001000000020', 'TRC20', 'USDT', 'USD', 50.00, 1.50, 51.50, 50.00, 'Crypto', 'success', DATEADD(DAY, -260, GETUTCDATE()), 'TDEVSEEDDEP00000000000000000000201', '5eeddep002001000000000000000000000000000000000000000000000000000');
INSERT INTO dbo.tblT_Card_Balance (ID, CardNo, Amount, UsedAmount, Currency) VALUES (N'5eedcb44-0000-0000-0000-000000000020', '4024001000000020', 0.00, 242.95, 'USD');

-- ---- user #25 (Theo Vargas) ----
INSERT INTO dbo.tblM_User (UserID, Email, FirstName, LastName, Password, RoleID, Phone, isActive, isVerified, isBanned, DateJoin) VALUES (N'5eedaaaa-0000-0000-0000-000000000025', N'dev.user25@synthetic.kash.local', N'Theo', N'Vargas', N'DEV-SYNTHETIC-NO-LOGIN', 'role-owner', '+15005550025', 1, 1, 0, DATEADD(DAY, -280, GETUTCDATE()));
INSERT INTO dbo.tblM_User_Commission     (CommissionID, UserID, Commission, DateCreated) VALUES (N'5eedc011-0000-0000-0000-000000000025', N'5eedaaaa-0000-0000-0000-000000000025', 0.1, DATEADD(DAY, -280, GETUTCDATE()));
INSERT INTO dbo.tblM_User_Referral       (UserID, Code, DateCreated) VALUES (N'5eedaaaa-0000-0000-0000-000000000025', 'DEV00025', DATEADD(DAY, -280, GETUTCDATE()));
INSERT INTO dbo.tblM_User_Crypto_Deposit (ID, UserID, NetworkID, Address, isActive, DateCreated) VALUES (N'5eedcd22-0000-0000-0000-000000000025', N'5eedaaaa-0000-0000-0000-000000000025', 'F580A411-0E37-4287-B975-408172A2B4BF', 'TDEVSEED000000000000000000000000025', 1, DATEADD(DAY, -280, GETUTCDATE()));
INSERT INTO dbo.tblM_User_Balance (BalanceID, UserID, Currency, Balance, isActive, DateCreated) VALUES (N'5eedba33-0000-0000-0000-000000000025', N'5eedaaaa-0000-0000-0000-000000000025', 'USDT', 0.00, 1, DATEADD(DAY, -280, GETUTCDATE()));

COMMIT TRANSACTION;
PRINT 'seed-dev-synthetic: applied 25 users, 20 cards, 152 card transactions (synthetic, dev-only).';
