-- =============================================================================
-- seed-dev-synthetic.sql -- GENERATED by deploy/scripts/dev-seed/generate-dev-seed.ps1.
-- DO NOT EDIT BY HAND: re-run the generator and commit its output instead.
--
-- DEV/TEST display dataset: synthetic users + wallets + ledger + cards + card
-- transactions so the cardholder UI and admin lists look realistic. DEV ONLY --
-- vm-seed.ps1 applies this only when Env=dev. Entirely fabricated; no prod data.
-- Idempotent: deletes the '5eed' UserID namespace (children->parents) then re-inserts,
-- so re-applying converges and never touches real/smoke/admin rows.
-- Run AFTER seed-reference.sql (needs 'role-owner', card type 111028, the TRC20 network)
-- and seed-smoke-user.sql. DEMO_EMAIL / DEMO_USER_PWD_DB arrive via sqlcmd -v.
-- =============================================================================
SET NOCOUNT ON;
SET XACT_ABORT ON;
BEGIN TRANSACTION;

-- 1. Clear the synthetic namespace (children first to respect FKs). Card-keyed child
--    rows are removed via the parent card set before the cards themselves.
DELETE FROM dbo.tblT_Card_Transaction WHERE CardNo IN (SELECT CardNo FROM dbo.tblT_Card WHERE UserID LIKE '5eed%');
DELETE FROM dbo.tblT_Card_Balance     WHERE CardNo IN (SELECT CardNo FROM dbo.tblT_Card WHERE UserID LIKE '5eed%');
DELETE FROM dbo.tblT_Card_Deposit        WHERE UserID LIKE '5eed%';
DELETE FROM dbo.tblT_Card                WHERE UserID LIKE '5eed%';
DELETE FROM dbo.tblH_User_Balance        WHERE UserID LIKE '5eed%';
DELETE FROM dbo.tblM_User_Balance        WHERE UserID LIKE '5eed%';
DELETE FROM dbo.tblM_User_Commission     WHERE UserID LIKE '5eed%';
DELETE FROM dbo.tblM_User_Referral       WHERE UserID LIKE '5eed%';
DELETE FROM dbo.tblM_User_Crypto_Deposit WHERE UserID LIKE '5eed%';
DELETE FROM dbo.tblM_User                WHERE UserID LIKE '5eed%';

-- ---- user #1 (Demo Cardholder) [LOGINABLE DEMO] ----
INSERT INTO dbo.tblM_User (UserID, Email, FirstName, LastName, Password, RoleID, Phone, isActive, isVerified, isBanned, DateJoin) VALUES (N'5eedaaaa-0000-0000-0000-000000000001', N'$(DEMO_EMAIL)', N'Demo', N'Cardholder', N'$(DEMO_USER_PWD_DB)', 'role-owner', '+15005550001', 1, 1, 0, DATEADD(DAY, -16, GETUTCDATE()));
INSERT INTO dbo.tblM_User_Commission     (CommissionID, UserID, Commission, DateCreated) VALUES (N'5eedc011-0000-0000-0000-000000000001', N'5eedaaaa-0000-0000-0000-000000000001', 0.1, DATEADD(DAY, -16, GETUTCDATE()));
INSERT INTO dbo.tblM_User_Referral       (UserID, Code, DateCreated) VALUES (N'5eedaaaa-0000-0000-0000-000000000001', 'DEV00001', DATEADD(DAY, -16, GETUTCDATE()));
INSERT INTO dbo.tblM_User_Crypto_Deposit (ID, UserID, NetworkID, Address, isActive, DateCreated) VALUES (N'5eedcd22-0000-0000-0000-000000000001', N'5eedaaaa-0000-0000-0000-000000000001', 'F580A411-0E37-4287-B975-408172A2B4BF', 'TDEVSEED000000000000000000000000001', 1, DATEADD(DAY, -16, GETUTCDATE()));
INSERT INTO dbo.tblH_User_Balance (UserID, BalanceID, TransactionID, Type, BalancePrevious, Amount, Commision, CommisionInPercentage, Balance, CreatedDate, Status) VALUES (N'5eedaaaa-0000-0000-0000-000000000001', N'5eedba33-0000-0000-0000-000000000001', N'5EED-001-01-CRY', 'Crypto Deposit', 0.00, 237.00, 0, 0, 237.00, DATEADD(DAY, -15, GETUTCDATE()), 'Completed');
INSERT INTO dbo.tblH_User_Balance (UserID, BalanceID, TransactionID, Type, BalancePrevious, Amount, Commision, CommisionInPercentage, Balance, CreatedDate, Status) VALUES (N'5eedaaaa-0000-0000-0000-000000000001', N'5eedba33-0000-0000-0000-000000000001', N'5EED-001-02-CRY', 'Crypto Deposit', 237.00, 300.00, 0, 0, 537.00, DATEADD(DAY, -40, GETUTCDATE()), 'Completed');
INSERT INTO dbo.tblH_User_Balance (UserID, BalanceID, TransactionID, Type, BalancePrevious, Amount, Commision, CommisionInPercentage, Balance, CreatedDate, Status) VALUES (N'5eedaaaa-0000-0000-0000-000000000001', N'5eedba33-0000-0000-0000-000000000001', N'5EED-001-03-CAR', 'Card Open', 537.00, -10.00, 0, 0, 527.00, DATEADD(DAY, -14, GETUTCDATE()), 'Completed');
INSERT INTO dbo.tblH_User_Balance (UserID, BalanceID, TransactionID, Type, BalancePrevious, Amount, Commision, CommisionInPercentage, Balance, CreatedDate, Status) VALUES (N'5eedaaaa-0000-0000-0000-000000000001', N'5eedba33-0000-0000-0000-000000000001', N'5EED-001-04-CAR', 'Card Open', 527.00, -10.00, 0, 0, 517.00, DATEADD(DAY, -11, GETUTCDATE()), 'Completed');
INSERT INTO dbo.tblH_User_Balance (UserID, BalanceID, TransactionID, Type, BalancePrevious, Amount, Commision, CommisionInPercentage, Balance, CreatedDate, Status) VALUES (N'5eedaaaa-0000-0000-0000-000000000001', N'5eedba33-0000-0000-0000-000000000001', N'5EED-001-05-CAR', 'Card Open', 517.00, -10.00, 0, 0, 507.00, DATEADD(DAY, -8, GETUTCDATE()), 'Completed');
INSERT INTO dbo.tblH_User_Balance (UserID, BalanceID, TransactionID, Type, BalancePrevious, Amount, Commision, CommisionInPercentage, Balance, CreatedDate, Status) VALUES (N'5eedaaaa-0000-0000-0000-000000000001', N'5eedba33-0000-0000-0000-000000000001', N'5EED-001-06-CAR', 'Card Topup', 507.00, -50.00, 0, 0, 457.00, DATEADD(DAY, -10, GETUTCDATE()), 'Completed');
INSERT INTO dbo.tblH_User_Balance (UserID, BalanceID, TransactionID, Type, BalancePrevious, Amount, Commision, CommisionInPercentage, Balance, CreatedDate, Status) VALUES (N'5eedaaaa-0000-0000-0000-000000000001', N'5eedba33-0000-0000-0000-000000000001', N'5EED-001-07-DEP', 'Deposit Refund', 457.00, 50.00, 0, 0, 507.00, DATEADD(DAY, -9, GETUTCDATE()), 'Completed');
INSERT INTO dbo.tblM_User_Balance (BalanceID, UserID, Currency, Balance, isActive, DateCreated) VALUES (N'5eedba33-0000-0000-0000-000000000001', N'5eedaaaa-0000-0000-0000-000000000001', 'USDT', 507.00, 1, DATEADD(DAY, -16, GETUTCDATE()));
INSERT INTO dbo.tblT_Card (ID, UserID, CardTypeId, CardNo, CardNumber, CVV, ValidPeriod, Currency, Price, Total, Status, isActive, DateCreated) VALUES (N'5eedca01-0000-0000-0000-000000000001', N'5eedaaaa-0000-0000-0000-000000000001', 111028, '4024001000000001', N'4024 00** **** 0001', '107', '02/29', 'USD', 10.00, 10.00, 'active', 1, DATEADD(DAY, -11, GETUTCDATE()));
INSERT INTO dbo.tblT_Card_Transaction (CardNo, TradeNo, OriginTradeNo, Currency, Amount, Type, TypeStr, Status, StatusStr, MerchantName, Description, TransactionTime) VALUES ('4024001000000001', '5EEDTXN000101', '5EEDTXN000101', 'USD', 21.99, 'consume', 'Consume', 'success', 'Success', N'Spotify', N'Card purchase at Spotify', DATEADD(DAY, -9, GETUTCDATE()));
INSERT INTO dbo.tblT_Card_Transaction (CardNo, TradeNo, OriginTradeNo, Currency, Amount, Type, TypeStr, Status, StatusStr, MerchantName, Description, TransactionTime) VALUES ('4024001000000001', '5EEDTXN000102', '5EEDTXN000102', 'USD', 6.99, 'consume', 'Consume', 'success', 'Success', N'Steam', N'Card purchase at Steam', DATEADD(DAY, -7, GETUTCDATE()));
INSERT INTO dbo.tblT_Card_Transaction (CardNo, TradeNo, OriginTradeNo, Currency, Amount, Type, TypeStr, Status, StatusStr, MerchantName, Description, TransactionTime) VALUES ('4024001000000001', '5EEDTXN000103', '5EEDTXN000103', 'USD', 13.99, 'consume', 'Consume', 'success', 'Success', N'Uber', N'Card purchase at Uber', DATEADD(DAY, -5, GETUTCDATE()));
INSERT INTO dbo.tblT_Card_Transaction (CardNo, TradeNo, OriginTradeNo, Currency, Amount, Type, TypeStr, Status, StatusStr, MerchantName, Description, TransactionTime) VALUES ('4024001000000001', '5EEDTXN000104', '5EEDTXN000104', 'USD', 20.99, 'consume', 'Consume', 'success', 'Success', N'Apple', N'Card purchase at Apple', DATEADD(DAY, -3, GETUTCDATE()));
INSERT INTO dbo.tblT_Card_Balance (ID, CardNo, Amount, UsedAmount, Currency) VALUES (N'5eedcb44-0000-0000-0000-000000000001', '4024001000000001', 86.04, 63.96, 'USD');
INSERT INTO dbo.tblT_Card (ID, UserID, CardTypeId, CardNo, CardNumber, CVV, ValidPeriod, Currency, Price, Total, Status, isActive, DateCreated) VALUES (N'5eedca02-0000-0000-0000-000000000001', N'5eedaaaa-0000-0000-0000-000000000001', 111028, '4024001000000002', N'4024 00** **** 0002', '114', '03/30', 'USD', 10.00, 10.00, 'active', 1, DATEADD(DAY, -8, GETUTCDATE()));
INSERT INTO dbo.tblT_Card_Transaction (CardNo, TradeNo, OriginTradeNo, Currency, Amount, Type, TypeStr, Status, StatusStr, MerchantName, Description, TransactionTime) VALUES ('4024001000000002', '5EEDTXN000201', '5EEDTXN000201', 'USD', 12.99, 'consume', 'Consume', 'success', 'Success', N'Steam', N'Card purchase at Steam', DATEADD(DAY, -6, GETUTCDATE()));
INSERT INTO dbo.tblT_Card_Transaction (CardNo, TradeNo, OriginTradeNo, Currency, Amount, Type, TypeStr, Status, StatusStr, MerchantName, Description, TransactionTime) VALUES ('4024001000000002', '5EEDTXN000202', '5EEDTXN000202', 'USD', 19.99, 'consume', 'Consume', 'success', 'Success', N'Uber', N'Card purchase at Uber', DATEADD(DAY, -4, GETUTCDATE()));
INSERT INTO dbo.tblT_Card_Transaction (CardNo, TradeNo, OriginTradeNo, Currency, Amount, Type, TypeStr, Status, StatusStr, MerchantName, Description, TransactionTime) VALUES ('4024001000000002', '5EEDTXN000203', '5EEDTXN000203', 'USD', 4.99, 'consume', 'Consume', 'success', 'Success', N'Apple', N'Card purchase at Apple', DATEADD(DAY, -2, GETUTCDATE()));
INSERT INTO dbo.tblT_Card_Transaction (CardNo, TradeNo, OriginTradeNo, Currency, Amount, Type, TypeStr, Status, StatusStr, MerchantName, Description, TransactionTime) VALUES ('4024001000000002', '5EEDTXN000204', '5EEDTXN000204', 'USD', 11.99, 'consume', 'Consume', 'success', 'Success', N'Booking.com', N'Card purchase at Booking.com', DATEADD(DAY, -0, GETUTCDATE()));
INSERT INTO dbo.tblT_Card_Transaction (CardNo, TradeNo, OriginTradeNo, Currency, Amount, Type, TypeStr, Status, StatusStr, MerchantName, Description, TransactionTime) VALUES ('4024001000000002', '5EEDTXN000205', '5EEDTXN000205', 'USD', 18.99, 'consume', 'Consume', 'success', 'Success', N'AliExpress', N'Card purchase at AliExpress', DATEADD(DAY, -0, GETUTCDATE()));
INSERT INTO dbo.tblT_Card_Balance (ID, CardNo, Amount, UsedAmount, Currency) VALUES (N'5eedcb44-0000-0000-0000-000000000002', '4024001000000002', 131.05, 68.95, 'USD');
INSERT INTO dbo.tblT_Card (ID, UserID, CardTypeId, CardNo, CardNumber, CVV, ValidPeriod, Currency, Price, Total, Status, isActive, DateCreated) VALUES (N'5eedca03-0000-0000-0000-000000000001', N'5eedaaaa-0000-0000-0000-000000000001', 111028, '4024001000000003', N'4024 00** **** 0003', '121', '04/31', 'USD', 10.00, 10.00, 'active', 1, DATEADD(DAY, -5, GETUTCDATE()));
INSERT INTO dbo.tblT_Card_Transaction (CardNo, TradeNo, OriginTradeNo, Currency, Amount, Type, TypeStr, Status, StatusStr, MerchantName, Description, TransactionTime) VALUES ('4024001000000003', '5EEDTXN000301', '5EEDTXN000301', 'USD', 3.99, 'consume', 'Consume', 'success', 'Success', N'Uber', N'Card purchase at Uber', DATEADD(DAY, -3, GETUTCDATE()));
INSERT INTO dbo.tblT_Card_Transaction (CardNo, TradeNo, OriginTradeNo, Currency, Amount, Type, TypeStr, Status, StatusStr, MerchantName, Description, TransactionTime) VALUES ('4024001000000003', '5EEDTXN000302', '5EEDTXN000302', 'USD', 10.99, 'consume', 'Consume', 'success', 'Success', N'Apple', N'Card purchase at Apple', DATEADD(DAY, -1, GETUTCDATE()));
INSERT INTO dbo.tblT_Card_Transaction (CardNo, TradeNo, OriginTradeNo, Currency, Amount, Type, TypeStr, Status, StatusStr, MerchantName, Description, TransactionTime) VALUES ('4024001000000003', '5EEDTXN000303', '5EEDTXN000303', 'USD', 17.99, 'consume', 'Consume', 'success', 'Success', N'Booking.com', N'Card purchase at Booking.com', DATEADD(DAY, -0, GETUTCDATE()));
INSERT INTO dbo.tblT_Card_Transaction (CardNo, TradeNo, OriginTradeNo, Currency, Amount, Type, TypeStr, Status, StatusStr, MerchantName, Description, TransactionTime) VALUES ('4024001000000003', '5EEDTXN000304', '5EEDTXN000304', 'USD', 2.99, 'consume', 'Consume', 'success', 'Success', N'AliExpress', N'Card purchase at AliExpress', DATEADD(DAY, -0, GETUTCDATE()));
INSERT INTO dbo.tblT_Card_Transaction (CardNo, TradeNo, OriginTradeNo, Currency, Amount, Type, TypeStr, Status, StatusStr, MerchantName, Description, TransactionTime) VALUES ('4024001000000003', '5EEDTXN000305', '5EEDTXN000305', 'USD', 9.99, 'consume', 'Consume', 'success', 'Success', N'OpenAI', N'Card purchase at OpenAI', DATEADD(DAY, -0, GETUTCDATE()));
INSERT INTO dbo.tblT_Card_Transaction (CardNo, TradeNo, OriginTradeNo, Currency, Amount, Type, TypeStr, Status, StatusStr, MerchantName, Description, TransactionTime) VALUES ('4024001000000003', '5EEDTXN000306', '5EEDTXN000306', 'USD', 16.99, 'consume', 'Consume', 'success', 'Success', N'Notion', N'Card purchase at Notion', DATEADD(DAY, -0, GETUTCDATE()));
INSERT INTO dbo.tblT_Card_Balance (ID, CardNo, Amount, UsedAmount, Currency) VALUES (N'5eedcb44-0000-0000-0000-000000000003', '4024001000000003', 37.06, 62.94, 'USD');

-- ---- user #2 (Liam Singh) ----
INSERT INTO dbo.tblM_User (UserID, Email, FirstName, LastName, Password, RoleID, Phone, isActive, isVerified, isBanned, DateJoin) VALUES (N'5eedaaaa-0000-0000-0000-000000000002', N'dev.user02@synthetic.kash.local', N'Liam', N'Singh', N'DEV-SYNTHETIC-NO-LOGIN', 'role-owner', '+15005550002', 1, 1, 0, DATEADD(DAY, -27, GETUTCDATE()));
INSERT INTO dbo.tblM_User_Commission     (CommissionID, UserID, Commission, DateCreated) VALUES (N'5eedc011-0000-0000-0000-000000000002', N'5eedaaaa-0000-0000-0000-000000000002', 0.1, DATEADD(DAY, -27, GETUTCDATE()));
INSERT INTO dbo.tblM_User_Referral       (UserID, Code, DateCreated) VALUES (N'5eedaaaa-0000-0000-0000-000000000002', 'DEV00002', DATEADD(DAY, -27, GETUTCDATE()));
INSERT INTO dbo.tblM_User_Crypto_Deposit (ID, UserID, NetworkID, Address, isActive, DateCreated) VALUES (N'5eedcd22-0000-0000-0000-000000000002', N'5eedaaaa-0000-0000-0000-000000000002', 'F580A411-0E37-4287-B975-408172A2B4BF', 'TDEVSEED000000000000000000000000002', 1, DATEADD(DAY, -27, GETUTCDATE()));
INSERT INTO dbo.tblH_User_Balance (UserID, BalanceID, TransactionID, Type, BalancePrevious, Amount, Commision, CommisionInPercentage, Balance, CreatedDate, Status) VALUES (N'5eedaaaa-0000-0000-0000-000000000002', N'5eedba33-0000-0000-0000-000000000002', N'5EED-002-01-CRY', 'Crypto Deposit', 0.00, 274.00, 0, 0, 274.00, DATEADD(DAY, -26, GETUTCDATE()), 'Completed');
INSERT INTO dbo.tblH_User_Balance (UserID, BalanceID, TransactionID, Type, BalancePrevious, Amount, Commision, CommisionInPercentage, Balance, CreatedDate, Status) VALUES (N'5eedaaaa-0000-0000-0000-000000000002', N'5eedba33-0000-0000-0000-000000000002', N'5EED-002-02-CAR', 'Card Open', 274.00, -10.00, 0, 0, 264.00, DATEADD(DAY, -25, GETUTCDATE()), 'Completed');
INSERT INTO dbo.tblM_User_Balance (BalanceID, UserID, Currency, Balance, isActive, DateCreated) VALUES (N'5eedba33-0000-0000-0000-000000000002', N'5eedaaaa-0000-0000-0000-000000000002', 'USDT', 264.00, 1, DATEADD(DAY, -27, GETUTCDATE()));
INSERT INTO dbo.tblT_Card (ID, UserID, CardTypeId, CardNo, CardNumber, CVV, ValidPeriod, Currency, Price, Total, Status, isActive, DateCreated) VALUES (N'5eedca01-0000-0000-0000-000000000002', N'5eedaaaa-0000-0000-0000-000000000002', 111028, '4024001000000004', N'4024 00** **** 0004', '128', '05/29', 'USD', 10.00, 10.00, 'active', 1, DATEADD(DAY, -22, GETUTCDATE()));
INSERT INTO dbo.tblT_Card_Transaction (CardNo, TradeNo, OriginTradeNo, Currency, Amount, Type, TypeStr, Status, StatusStr, MerchantName, Description, TransactionTime) VALUES ('4024001000000004', '5EEDTXN000401', '5EEDTXN000401', 'USD', 16.99, 'consume', 'Consume', 'success', 'Success', N'Apple', N'Card purchase at Apple', DATEADD(DAY, -20, GETUTCDATE()));
INSERT INTO dbo.tblT_Card_Transaction (CardNo, TradeNo, OriginTradeNo, Currency, Amount, Type, TypeStr, Status, StatusStr, MerchantName, Description, TransactionTime) VALUES ('4024001000000004', '5EEDTXN000402', '5EEDTXN000402', 'USD', 1.99, 'consume', 'Consume', 'success', 'Success', N'Booking.com', N'Card purchase at Booking.com', DATEADD(DAY, -18, GETUTCDATE()));
INSERT INTO dbo.tblT_Card_Transaction (CardNo, TradeNo, OriginTradeNo, Currency, Amount, Type, TypeStr, Status, StatusStr, MerchantName, Description, TransactionTime) VALUES ('4024001000000004', '5EEDTXN000403', '5EEDTXN000403', 'USD', 8.99, 'consume', 'Consume', 'success', 'Success', N'AliExpress', N'Card purchase at AliExpress', DATEADD(DAY, -16, GETUTCDATE()));
INSERT INTO dbo.tblT_Card_Balance (ID, CardNo, Amount, UsedAmount, Currency) VALUES (N'5eedcb44-0000-0000-0000-000000000004', '4024001000000004', 122.03, 27.97, 'USD');

-- ---- user #3 (Mia Park) ----
INSERT INTO dbo.tblM_User (UserID, Email, FirstName, LastName, Password, RoleID, Phone, isActive, isVerified, isBanned, DateJoin) VALUES (N'5eedaaaa-0000-0000-0000-000000000003', N'dev.user03@synthetic.kash.local', N'Mia', N'Park', N'DEV-SYNTHETIC-NO-LOGIN', 'role-owner', '+15005550003', 1, 1, 0, DATEADD(DAY, -38, GETUTCDATE()));
INSERT INTO dbo.tblM_User_Commission     (CommissionID, UserID, Commission, DateCreated) VALUES (N'5eedc011-0000-0000-0000-000000000003', N'5eedaaaa-0000-0000-0000-000000000003', 0.1, DATEADD(DAY, -38, GETUTCDATE()));
INSERT INTO dbo.tblM_User_Referral       (UserID, Code, DateCreated) VALUES (N'5eedaaaa-0000-0000-0000-000000000003', 'DEV00003', DATEADD(DAY, -38, GETUTCDATE()));
INSERT INTO dbo.tblM_User_Crypto_Deposit (ID, UserID, NetworkID, Address, isActive, DateCreated) VALUES (N'5eedcd22-0000-0000-0000-000000000003', N'5eedaaaa-0000-0000-0000-000000000003', 'F580A411-0E37-4287-B975-408172A2B4BF', 'TDEVSEED000000000000000000000000003', 1, DATEADD(DAY, -38, GETUTCDATE()));
INSERT INTO dbo.tblH_User_Balance (UserID, BalanceID, TransactionID, Type, BalancePrevious, Amount, Commision, CommisionInPercentage, Balance, CreatedDate, Status) VALUES (N'5eedaaaa-0000-0000-0000-000000000003', N'5eedba33-0000-0000-0000-000000000003', N'5EED-003-01-CRY', 'Crypto Deposit', 0.00, 311.00, 0, 0, 311.00, DATEADD(DAY, -37, GETUTCDATE()), 'Completed');
INSERT INTO dbo.tblH_User_Balance (UserID, BalanceID, TransactionID, Type, BalancePrevious, Amount, Commision, CommisionInPercentage, Balance, CreatedDate, Status) VALUES (N'5eedaaaa-0000-0000-0000-000000000003', N'5eedba33-0000-0000-0000-000000000003', N'5EED-003-02-CAR', 'Card Open', 311.00, -10.00, 0, 0, 301.00, DATEADD(DAY, -36, GETUTCDATE()), 'Completed');
INSERT INTO dbo.tblM_User_Balance (BalanceID, UserID, Currency, Balance, isActive, DateCreated) VALUES (N'5eedba33-0000-0000-0000-000000000003', N'5eedaaaa-0000-0000-0000-000000000003', 'USDT', 301.00, 1, DATEADD(DAY, -38, GETUTCDATE()));
INSERT INTO dbo.tblT_Card (ID, UserID, CardTypeId, CardNo, CardNumber, CVV, ValidPeriod, Currency, Price, Total, Status, isActive, DateCreated) VALUES (N'5eedca01-0000-0000-0000-000000000003', N'5eedaaaa-0000-0000-0000-000000000003', 111028, '4024001000000005', N'4024 00** **** 0005', '135', '06/29', 'USD', 10.00, 10.00, 'active', 1, DATEADD(DAY, -33, GETUTCDATE()));
INSERT INTO dbo.tblT_Card_Transaction (CardNo, TradeNo, OriginTradeNo, Currency, Amount, Type, TypeStr, Status, StatusStr, MerchantName, Description, TransactionTime) VALUES ('4024001000000005', '5EEDTXN000501', '5EEDTXN000501', 'USD', 7.99, 'consume', 'Consume', 'success', 'Success', N'Booking.com', N'Card purchase at Booking.com', DATEADD(DAY, -31, GETUTCDATE()));
INSERT INTO dbo.tblT_Card_Transaction (CardNo, TradeNo, OriginTradeNo, Currency, Amount, Type, TypeStr, Status, StatusStr, MerchantName, Description, TransactionTime) VALUES ('4024001000000005', '5EEDTXN000502', '5EEDTXN000502', 'USD', 14.99, 'consume', 'Consume', 'success', 'Success', N'AliExpress', N'Card purchase at AliExpress', DATEADD(DAY, -29, GETUTCDATE()));
INSERT INTO dbo.tblT_Card_Transaction (CardNo, TradeNo, OriginTradeNo, Currency, Amount, Type, TypeStr, Status, StatusStr, MerchantName, Description, TransactionTime) VALUES ('4024001000000005', '5EEDTXN000503', '5EEDTXN000503', 'USD', 21.99, 'consume', 'Consume', 'success', 'Success', N'OpenAI', N'Card purchase at OpenAI', DATEADD(DAY, -27, GETUTCDATE()));
INSERT INTO dbo.tblT_Card_Transaction (CardNo, TradeNo, OriginTradeNo, Currency, Amount, Type, TypeStr, Status, StatusStr, MerchantName, Description, TransactionTime) VALUES ('4024001000000005', '5EEDTXN000504', '5EEDTXN000504', 'USD', 6.99, 'consume', 'Consume', 'success', 'Success', N'Notion', N'Card purchase at Notion', DATEADD(DAY, -25, GETUTCDATE()));
INSERT INTO dbo.tblT_Card_Balance (ID, CardNo, Amount, UsedAmount, Currency) VALUES (N'5eedcb44-0000-0000-0000-000000000005', '4024001000000005', 148.04, 51.96, 'USD');

-- ---- user #4 (Noah Moreno) ----
INSERT INTO dbo.tblM_User (UserID, Email, FirstName, LastName, Password, RoleID, Phone, isActive, isVerified, isBanned, DateJoin) VALUES (N'5eedaaaa-0000-0000-0000-000000000004', N'dev.user04@synthetic.kash.local', N'Noah', N'Moreno', N'DEV-SYNTHETIC-NO-LOGIN', 'role-owner', '+15005550004', 1, 1, 0, DATEADD(DAY, -49, GETUTCDATE()));
INSERT INTO dbo.tblM_User_Commission     (CommissionID, UserID, Commission, DateCreated) VALUES (N'5eedc011-0000-0000-0000-000000000004', N'5eedaaaa-0000-0000-0000-000000000004', 0.1, DATEADD(DAY, -49, GETUTCDATE()));
INSERT INTO dbo.tblM_User_Referral       (UserID, Code, DateCreated) VALUES (N'5eedaaaa-0000-0000-0000-000000000004', 'DEV00004', DATEADD(DAY, -49, GETUTCDATE()));
INSERT INTO dbo.tblM_User_Crypto_Deposit (ID, UserID, NetworkID, Address, isActive, DateCreated) VALUES (N'5eedcd22-0000-0000-0000-000000000004', N'5eedaaaa-0000-0000-0000-000000000004', 'F580A411-0E37-4287-B975-408172A2B4BF', 'TDEVSEED000000000000000000000000004', 1, DATEADD(DAY, -49, GETUTCDATE()));
INSERT INTO dbo.tblH_User_Balance (UserID, BalanceID, TransactionID, Type, BalancePrevious, Amount, Commision, CommisionInPercentage, Balance, CreatedDate, Status) VALUES (N'5eedaaaa-0000-0000-0000-000000000004', N'5eedba33-0000-0000-0000-000000000004', N'5EED-004-01-CRY', 'Crypto Deposit', 0.00, 348.00, 0, 0, 348.00, DATEADD(DAY, -48, GETUTCDATE()), 'Completed');
INSERT INTO dbo.tblH_User_Balance (UserID, BalanceID, TransactionID, Type, BalancePrevious, Amount, Commision, CommisionInPercentage, Balance, CreatedDate, Status) VALUES (N'5eedaaaa-0000-0000-0000-000000000004', N'5eedba33-0000-0000-0000-000000000004', N'5EED-004-02-CRY', 'Crypto Deposit', 348.00, 202.00, 0, 0, 550.00, DATEADD(DAY, -20, GETUTCDATE()), 'Completed');
INSERT INTO dbo.tblH_User_Balance (UserID, BalanceID, TransactionID, Type, BalancePrevious, Amount, Commision, CommisionInPercentage, Balance, CreatedDate, Status) VALUES (N'5eedaaaa-0000-0000-0000-000000000004', N'5eedba33-0000-0000-0000-000000000004', N'5EED-004-03-CAR', 'Card Open', 550.00, -10.00, 0, 0, 540.00, DATEADD(DAY, -47, GETUTCDATE()), 'Completed');
INSERT INTO dbo.tblM_User_Balance (BalanceID, UserID, Currency, Balance, isActive, DateCreated) VALUES (N'5eedba33-0000-0000-0000-000000000004', N'5eedaaaa-0000-0000-0000-000000000004', 'USDT', 540.00, 1, DATEADD(DAY, -49, GETUTCDATE()));
INSERT INTO dbo.tblT_Card (ID, UserID, CardTypeId, CardNo, CardNumber, CVV, ValidPeriod, Currency, Price, Total, Status, isActive, DateCreated) VALUES (N'5eedca01-0000-0000-0000-000000000004', N'5eedaaaa-0000-0000-0000-000000000004', 111028, '4024001000000006', N'4024 00** **** 0006', '142', '07/29', 'USD', 10.00, 10.00, 'active', 1, DATEADD(DAY, -44, GETUTCDATE()));
INSERT INTO dbo.tblT_Card_Transaction (CardNo, TradeNo, OriginTradeNo, Currency, Amount, Type, TypeStr, Status, StatusStr, MerchantName, Description, TransactionTime) VALUES ('4024001000000006', '5EEDTXN000601', '5EEDTXN000601', 'USD', 20.99, 'consume', 'Consume', 'success', 'Success', N'AliExpress', N'Card purchase at AliExpress', DATEADD(DAY, -42, GETUTCDATE()));
INSERT INTO dbo.tblT_Card_Transaction (CardNo, TradeNo, OriginTradeNo, Currency, Amount, Type, TypeStr, Status, StatusStr, MerchantName, Description, TransactionTime) VALUES ('4024001000000006', '5EEDTXN000602', '5EEDTXN000602', 'USD', 5.99, 'consume', 'Consume', 'success', 'Success', N'OpenAI', N'Card purchase at OpenAI', DATEADD(DAY, -40, GETUTCDATE()));
INSERT INTO dbo.tblT_Card_Transaction (CardNo, TradeNo, OriginTradeNo, Currency, Amount, Type, TypeStr, Status, StatusStr, MerchantName, Description, TransactionTime) VALUES ('4024001000000006', '5EEDTXN000603', '5EEDTXN000603', 'USD', 12.99, 'consume', 'Consume', 'success', 'Success', N'Notion', N'Card purchase at Notion', DATEADD(DAY, -38, GETUTCDATE()));
INSERT INTO dbo.tblT_Card_Transaction (CardNo, TradeNo, OriginTradeNo, Currency, Amount, Type, TypeStr, Status, StatusStr, MerchantName, Description, TransactionTime) VALUES ('4024001000000006', '5EEDTXN000604', '5EEDTXN000604', 'USD', 19.99, 'consume', 'Consume', 'success', 'Success', N'GitHub', N'Card purchase at GitHub', DATEADD(DAY, -36, GETUTCDATE()));
INSERT INTO dbo.tblT_Card_Transaction (CardNo, TradeNo, OriginTradeNo, Currency, Amount, Type, TypeStr, Status, StatusStr, MerchantName, Description, TransactionTime) VALUES ('4024001000000006', '5EEDTXN000605', '5EEDTXN000605', 'USD', 4.99, 'consume', 'Consume', 'success', 'Success', N'Figma', N'Card purchase at Figma', DATEADD(DAY, -34, GETUTCDATE()));
INSERT INTO dbo.tblT_Card_Balance (ID, CardNo, Amount, UsedAmount, Currency) VALUES (N'5eedcb44-0000-0000-0000-000000000006', '4024001000000006', 35.05, 64.95, 'USD');

-- ---- user #5 (Emma Tan) ----
INSERT INTO dbo.tblM_User (UserID, Email, FirstName, LastName, Password, RoleID, Phone, isActive, isVerified, isBanned, DateJoin) VALUES (N'5eedaaaa-0000-0000-0000-000000000005', N'dev.user05@synthetic.kash.local', N'Emma', N'Tan', N'DEV-SYNTHETIC-NO-LOGIN', 'role-owner', '+15005550005', 1, 1, 0, DATEADD(DAY, -60, GETUTCDATE()));
INSERT INTO dbo.tblM_User_Commission     (CommissionID, UserID, Commission, DateCreated) VALUES (N'5eedc011-0000-0000-0000-000000000005', N'5eedaaaa-0000-0000-0000-000000000005', 0.1, DATEADD(DAY, -60, GETUTCDATE()));
INSERT INTO dbo.tblM_User_Referral       (UserID, Code, DateCreated) VALUES (N'5eedaaaa-0000-0000-0000-000000000005', 'DEV00005', DATEADD(DAY, -60, GETUTCDATE()));
INSERT INTO dbo.tblM_User_Crypto_Deposit (ID, UserID, NetworkID, Address, isActive, DateCreated) VALUES (N'5eedcd22-0000-0000-0000-000000000005', N'5eedaaaa-0000-0000-0000-000000000005', 'F580A411-0E37-4287-B975-408172A2B4BF', 'TDEVSEED000000000000000000000000005', 1, DATEADD(DAY, -60, GETUTCDATE()));
INSERT INTO dbo.tblM_User_Balance (BalanceID, UserID, Currency, Balance, isActive, DateCreated) VALUES (N'5eedba33-0000-0000-0000-000000000005', N'5eedaaaa-0000-0000-0000-000000000005', 'USDT', 0.00, 1, DATEADD(DAY, -60, GETUTCDATE()));

-- ---- user #6 (Ethan Cruz) ----
INSERT INTO dbo.tblM_User (UserID, Email, FirstName, LastName, Password, RoleID, Phone, isActive, isVerified, isBanned, DateJoin) VALUES (N'5eedaaaa-0000-0000-0000-000000000006', N'dev.user06@synthetic.kash.local', N'Ethan', N'Cruz', N'DEV-SYNTHETIC-NO-LOGIN', 'role-owner', '+15005550006', 1, 1, 0, DATEADD(DAY, -71, GETUTCDATE()));
INSERT INTO dbo.tblM_User_Commission     (CommissionID, UserID, Commission, DateCreated) VALUES (N'5eedc011-0000-0000-0000-000000000006', N'5eedaaaa-0000-0000-0000-000000000006', 0.1, DATEADD(DAY, -71, GETUTCDATE()));
INSERT INTO dbo.tblM_User_Referral       (UserID, Code, DateCreated) VALUES (N'5eedaaaa-0000-0000-0000-000000000006', 'DEV00006', DATEADD(DAY, -71, GETUTCDATE()));
INSERT INTO dbo.tblM_User_Crypto_Deposit (ID, UserID, NetworkID, Address, isActive, DateCreated) VALUES (N'5eedcd22-0000-0000-0000-000000000006', N'5eedaaaa-0000-0000-0000-000000000006', 'F580A411-0E37-4287-B975-408172A2B4BF', 'TDEVSEED000000000000000000000000006', 1, DATEADD(DAY, -71, GETUTCDATE()));
INSERT INTO dbo.tblH_User_Balance (UserID, BalanceID, TransactionID, Type, BalancePrevious, Amount, Commision, CommisionInPercentage, Balance, CreatedDate, Status) VALUES (N'5eedaaaa-0000-0000-0000-000000000006', N'5eedba33-0000-0000-0000-000000000006', N'5EED-006-01-CRY', 'Crypto Deposit', 0.00, 422.00, 0, 0, 422.00, DATEADD(DAY, -70, GETUTCDATE()), 'Completed');
INSERT INTO dbo.tblH_User_Balance (UserID, BalanceID, TransactionID, Type, BalancePrevious, Amount, Commision, CommisionInPercentage, Balance, CreatedDate, Status) VALUES (N'5eedaaaa-0000-0000-0000-000000000006', N'5eedba33-0000-0000-0000-000000000006', N'5EED-006-02-CAR', 'Card Open', 422.00, -10.00, 0, 0, 412.00, DATEADD(DAY, -69, GETUTCDATE()), 'Completed');
INSERT INTO dbo.tblH_User_Balance (UserID, BalanceID, TransactionID, Type, BalancePrevious, Amount, Commision, CommisionInPercentage, Balance, CreatedDate, Status) VALUES (N'5eedaaaa-0000-0000-0000-000000000006', N'5eedba33-0000-0000-0000-000000000006', N'5EED-006-03-CAR', 'Card Open', 412.00, -10.00, 0, 0, 402.00, DATEADD(DAY, -66, GETUTCDATE()), 'Completed');
INSERT INTO dbo.tblM_User_Balance (BalanceID, UserID, Currency, Balance, isActive, DateCreated) VALUES (N'5eedba33-0000-0000-0000-000000000006', N'5eedaaaa-0000-0000-0000-000000000006', 'USDT', 402.00, 1, DATEADD(DAY, -71, GETUTCDATE()));
INSERT INTO dbo.tblT_Card (ID, UserID, CardTypeId, CardNo, CardNumber, CVV, ValidPeriod, Currency, Price, Total, Status, isActive, DateCreated) VALUES (N'5eedca01-0000-0000-0000-000000000006', N'5eedaaaa-0000-0000-0000-000000000006', 111028, '4024001000000007', N'4024 00** **** 0007', '149', '08/29', 'USD', 10.00, 10.00, 'active', 1, DATEADD(DAY, -66, GETUTCDATE()));
INSERT INTO dbo.tblT_Card_Transaction (CardNo, TradeNo, OriginTradeNo, Currency, Amount, Type, TypeStr, Status, StatusStr, MerchantName, Description, TransactionTime) VALUES ('4024001000000007', '5EEDTXN000701', '5EEDTXN000701', 'USD', 11.99, 'consume', 'Consume', 'success', 'Success', N'OpenAI', N'Card purchase at OpenAI', DATEADD(DAY, -64, GETUTCDATE()));
INSERT INTO dbo.tblT_Card_Transaction (CardNo, TradeNo, OriginTradeNo, Currency, Amount, Type, TypeStr, Status, StatusStr, MerchantName, Description, TransactionTime) VALUES ('4024001000000007', '5EEDTXN000702', '5EEDTXN000702', 'USD', 18.99, 'consume', 'Consume', 'success', 'Success', N'Notion', N'Card purchase at Notion', DATEADD(DAY, -62, GETUTCDATE()));
INSERT INTO dbo.tblT_Card_Transaction (CardNo, TradeNo, OriginTradeNo, Currency, Amount, Type, TypeStr, Status, StatusStr, MerchantName, Description, TransactionTime) VALUES ('4024001000000007', '5EEDTXN000703', '5EEDTXN000703', 'USD', 3.99, 'consume', 'Consume', 'success', 'Success', N'GitHub', N'Card purchase at GitHub', DATEADD(DAY, -60, GETUTCDATE()));
INSERT INTO dbo.tblT_Card_Transaction (CardNo, TradeNo, OriginTradeNo, Currency, Amount, Type, TypeStr, Status, StatusStr, MerchantName, Description, TransactionTime) VALUES ('4024001000000007', '5EEDTXN000704', '5EEDTXN000704', 'USD', 10.99, 'consume', 'Consume', 'success', 'Success', N'Figma', N'Card purchase at Figma', DATEADD(DAY, -58, GETUTCDATE()));
INSERT INTO dbo.tblT_Card_Transaction (CardNo, TradeNo, OriginTradeNo, Currency, Amount, Type, TypeStr, Status, StatusStr, MerchantName, Description, TransactionTime) VALUES ('4024001000000007', '5EEDTXN000705', '5EEDTXN000705', 'USD', 17.99, 'consume', 'Consume', 'success', 'Success', N'Amazon', N'Card purchase at Amazon', DATEADD(DAY, -56, GETUTCDATE()));
INSERT INTO dbo.tblT_Card_Transaction (CardNo, TradeNo, OriginTradeNo, Currency, Amount, Type, TypeStr, Status, StatusStr, MerchantName, Description, TransactionTime) VALUES ('4024001000000007', '5EEDTXN000706', '5EEDTXN000706', 'USD', 2.99, 'consume', 'Consume', 'success', 'Success', N'Netflix', N'Card purchase at Netflix', DATEADD(DAY, -54, GETUTCDATE()));
INSERT INTO dbo.tblT_Card_Balance (ID, CardNo, Amount, UsedAmount, Currency) VALUES (N'5eedcb44-0000-0000-0000-000000000007', '4024001000000007', 83.06, 66.94, 'USD');
INSERT INTO dbo.tblT_Card (ID, UserID, CardTypeId, CardNo, CardNumber, CVV, ValidPeriod, Currency, Price, Total, Status, isActive, DateCreated) VALUES (N'5eedca02-0000-0000-0000-000000000006', N'5eedaaaa-0000-0000-0000-000000000006', 111028, '4024001000000008', N'4024 00** **** 0008', '156', '09/30', 'USD', 10.00, 10.00, 'cancelled', 0, DATEADD(DAY, -63, GETUTCDATE()));
INSERT INTO dbo.tblT_Card_Transaction (CardNo, TradeNo, OriginTradeNo, Currency, Amount, Type, TypeStr, Status, StatusStr, MerchantName, Description, TransactionTime) VALUES ('4024001000000008', '5EEDTXN000801', '5EEDTXN000801', 'USD', 2.99, 'consume', 'Consume', 'success', 'Success', N'Notion', N'Card purchase at Notion', DATEADD(DAY, -61, GETUTCDATE()));
INSERT INTO dbo.tblT_Card_Transaction (CardNo, TradeNo, OriginTradeNo, Currency, Amount, Type, TypeStr, Status, StatusStr, MerchantName, Description, TransactionTime) VALUES ('4024001000000008', '5EEDTXN000802', '5EEDTXN000802', 'USD', 9.99, 'consume', 'Consume', 'success', 'Success', N'GitHub', N'Card purchase at GitHub', DATEADD(DAY, -59, GETUTCDATE()));
INSERT INTO dbo.tblT_Card_Transaction (CardNo, TradeNo, OriginTradeNo, Currency, Amount, Type, TypeStr, Status, StatusStr, MerchantName, Description, TransactionTime) VALUES ('4024001000000008', '5EEDTXN000803', '5EEDTXN000803', 'USD', 16.99, 'consume', 'Consume', 'success', 'Success', N'Figma', N'Card purchase at Figma', DATEADD(DAY, -57, GETUTCDATE()));
INSERT INTO dbo.tblT_Card_Balance (ID, CardNo, Amount, UsedAmount, Currency) VALUES (N'5eedcb44-0000-0000-0000-000000000008', '4024001000000008', 170.03, 29.97, 'USD');

-- ---- user #7 (Sofia Nair) ----
INSERT INTO dbo.tblM_User (UserID, Email, FirstName, LastName, Password, RoleID, Phone, isActive, isVerified, isBanned, DateJoin) VALUES (N'5eedaaaa-0000-0000-0000-000000000007', N'dev.user07@synthetic.kash.local', N'Sofia', N'Nair', N'DEV-SYNTHETIC-NO-LOGIN', 'role-owner', '+15005550007', 1, 1, 0, DATEADD(DAY, -82, GETUTCDATE()));
INSERT INTO dbo.tblM_User_Commission     (CommissionID, UserID, Commission, DateCreated) VALUES (N'5eedc011-0000-0000-0000-000000000007', N'5eedaaaa-0000-0000-0000-000000000007', 0.1, DATEADD(DAY, -82, GETUTCDATE()));
INSERT INTO dbo.tblM_User_Referral       (UserID, Code, DateCreated) VALUES (N'5eedaaaa-0000-0000-0000-000000000007', 'DEV00007', DATEADD(DAY, -82, GETUTCDATE()));
INSERT INTO dbo.tblM_User_Crypto_Deposit (ID, UserID, NetworkID, Address, isActive, DateCreated) VALUES (N'5eedcd22-0000-0000-0000-000000000007', N'5eedaaaa-0000-0000-0000-000000000007', 'F580A411-0E37-4287-B975-408172A2B4BF', 'TDEVSEED000000000000000000000000007', 1, DATEADD(DAY, -82, GETUTCDATE()));
INSERT INTO dbo.tblH_User_Balance (UserID, BalanceID, TransactionID, Type, BalancePrevious, Amount, Commision, CommisionInPercentage, Balance, CreatedDate, Status) VALUES (N'5eedaaaa-0000-0000-0000-000000000007', N'5eedba33-0000-0000-0000-000000000007', N'5EED-007-01-CRY', 'Crypto Deposit', 0.00, 459.00, 0, 0, 459.00, DATEADD(DAY, -81, GETUTCDATE()), 'Completed');
INSERT INTO dbo.tblM_User_Balance (BalanceID, UserID, Currency, Balance, isActive, DateCreated) VALUES (N'5eedba33-0000-0000-0000-000000000007', N'5eedaaaa-0000-0000-0000-000000000007', 'USDT', 459.00, 1, DATEADD(DAY, -82, GETUTCDATE()));

-- ---- user #8 (Lucas Chen) ----
INSERT INTO dbo.tblM_User (UserID, Email, FirstName, LastName, Password, RoleID, Phone, isActive, isVerified, isBanned, DateJoin) VALUES (N'5eedaaaa-0000-0000-0000-000000000008', N'dev.user08@synthetic.kash.local', N'Lucas', N'Chen', N'DEV-SYNTHETIC-NO-LOGIN', 'role-owner', '+15005550008', 1, 1, 0, DATEADD(DAY, -93, GETUTCDATE()));
INSERT INTO dbo.tblM_User_Commission     (CommissionID, UserID, Commission, DateCreated) VALUES (N'5eedc011-0000-0000-0000-000000000008', N'5eedaaaa-0000-0000-0000-000000000008', 0.1, DATEADD(DAY, -93, GETUTCDATE()));
INSERT INTO dbo.tblM_User_Referral       (UserID, Code, DateCreated) VALUES (N'5eedaaaa-0000-0000-0000-000000000008', 'DEV00008', DATEADD(DAY, -93, GETUTCDATE()));
INSERT INTO dbo.tblM_User_Crypto_Deposit (ID, UserID, NetworkID, Address, isActive, DateCreated) VALUES (N'5eedcd22-0000-0000-0000-000000000008', N'5eedaaaa-0000-0000-0000-000000000008', 'F580A411-0E37-4287-B975-408172A2B4BF', 'TDEVSEED000000000000000000000000008', 1, DATEADD(DAY, -93, GETUTCDATE()));
INSERT INTO dbo.tblH_User_Balance (UserID, BalanceID, TransactionID, Type, BalancePrevious, Amount, Commision, CommisionInPercentage, Balance, CreatedDate, Status) VALUES (N'5eedaaaa-0000-0000-0000-000000000008', N'5eedba33-0000-0000-0000-000000000008', N'5EED-008-01-CRY', 'Crypto Deposit', 0.00, 496.00, 0, 0, 496.00, DATEADD(DAY, -92, GETUTCDATE()), 'Completed');
INSERT INTO dbo.tblH_User_Balance (UserID, BalanceID, TransactionID, Type, BalancePrevious, Amount, Commision, CommisionInPercentage, Balance, CreatedDate, Status) VALUES (N'5eedaaaa-0000-0000-0000-000000000008', N'5eedba33-0000-0000-0000-000000000008', N'5EED-008-02-CRY', 'Crypto Deposit', 496.00, 254.00, 0, 0, 750.00, DATEADD(DAY, -20, GETUTCDATE()), 'Completed');
INSERT INTO dbo.tblH_User_Balance (UserID, BalanceID, TransactionID, Type, BalancePrevious, Amount, Commision, CommisionInPercentage, Balance, CreatedDate, Status) VALUES (N'5eedaaaa-0000-0000-0000-000000000008', N'5eedba33-0000-0000-0000-000000000008', N'5EED-008-03-CAR', 'Card Open', 750.00, -10.00, 0, 0, 740.00, DATEADD(DAY, -91, GETUTCDATE()), 'Completed');
INSERT INTO dbo.tblM_User_Balance (BalanceID, UserID, Currency, Balance, isActive, DateCreated) VALUES (N'5eedba33-0000-0000-0000-000000000008', N'5eedaaaa-0000-0000-0000-000000000008', 'USDT', 740.00, 1, DATEADD(DAY, -93, GETUTCDATE()));
INSERT INTO dbo.tblT_Card (ID, UserID, CardTypeId, CardNo, CardNumber, CVV, ValidPeriod, Currency, Price, Total, Status, isActive, DateCreated) VALUES (N'5eedca01-0000-0000-0000-000000000008', N'5eedaaaa-0000-0000-0000-000000000008', 111028, '4024001000000009', N'4024 00** **** 0009', '163', '10/29', 'USD', 10.00, 10.00, 'active', 1, DATEADD(DAY, -88, GETUTCDATE()));
INSERT INTO dbo.tblT_Card_Transaction (CardNo, TradeNo, OriginTradeNo, Currency, Amount, Type, TypeStr, Status, StatusStr, MerchantName, Description, TransactionTime) VALUES ('4024001000000009', '5EEDTXN000901', '5EEDTXN000901', 'USD', 15.99, 'consume', 'Consume', 'success', 'Success', N'GitHub', N'Card purchase at GitHub', DATEADD(DAY, -86, GETUTCDATE()));
INSERT INTO dbo.tblT_Card_Transaction (CardNo, TradeNo, OriginTradeNo, Currency, Amount, Type, TypeStr, Status, StatusStr, MerchantName, Description, TransactionTime) VALUES ('4024001000000009', '5EEDTXN000902', '5EEDTXN000902', 'USD', 22.99, 'consume', 'Consume', 'success', 'Success', N'Figma', N'Card purchase at Figma', DATEADD(DAY, -84, GETUTCDATE()));
INSERT INTO dbo.tblT_Card_Transaction (CardNo, TradeNo, OriginTradeNo, Currency, Amount, Type, TypeStr, Status, StatusStr, MerchantName, Description, TransactionTime) VALUES ('4024001000000009', '5EEDTXN000903', '5EEDTXN000903', 'USD', 7.99, 'consume', 'Consume', 'success', 'Success', N'Amazon', N'Card purchase at Amazon', DATEADD(DAY, -82, GETUTCDATE()));
INSERT INTO dbo.tblT_Card_Transaction (CardNo, TradeNo, OriginTradeNo, Currency, Amount, Type, TypeStr, Status, StatusStr, MerchantName, Description, TransactionTime) VALUES ('4024001000000009', '5EEDTXN000904', '5EEDTXN000904', 'USD', 14.99, 'consume', 'Consume', 'success', 'Success', N'Netflix', N'Card purchase at Netflix', DATEADD(DAY, -80, GETUTCDATE()));
INSERT INTO dbo.tblT_Card_Balance (ID, CardNo, Amount, UsedAmount, Currency) VALUES (N'5eedcb44-0000-0000-0000-000000000009', '4024001000000009', 38.04, 61.96, 'USD');

-- ---- user #9 (Aria Novak) ----
INSERT INTO dbo.tblM_User (UserID, Email, FirstName, LastName, Password, RoleID, Phone, isActive, isVerified, isBanned, DateJoin) VALUES (N'5eedaaaa-0000-0000-0000-000000000009', N'dev.user09@synthetic.kash.local', N'Aria', N'Novak', N'DEV-SYNTHETIC-NO-LOGIN', 'role-owner', '+15005550009', 1, 1, 0, DATEADD(DAY, -104, GETUTCDATE()));
INSERT INTO dbo.tblM_User_Commission     (CommissionID, UserID, Commission, DateCreated) VALUES (N'5eedc011-0000-0000-0000-000000000009', N'5eedaaaa-0000-0000-0000-000000000009', 0.1, DATEADD(DAY, -104, GETUTCDATE()));
INSERT INTO dbo.tblM_User_Referral       (UserID, Code, DateCreated) VALUES (N'5eedaaaa-0000-0000-0000-000000000009', 'DEV00009', DATEADD(DAY, -104, GETUTCDATE()));
INSERT INTO dbo.tblM_User_Crypto_Deposit (ID, UserID, NetworkID, Address, isActive, DateCreated) VALUES (N'5eedcd22-0000-0000-0000-000000000009', N'5eedaaaa-0000-0000-0000-000000000009', 'F580A411-0E37-4287-B975-408172A2B4BF', 'TDEVSEED000000000000000000000000009', 1, DATEADD(DAY, -104, GETUTCDATE()));
INSERT INTO dbo.tblH_User_Balance (UserID, BalanceID, TransactionID, Type, BalancePrevious, Amount, Commision, CommisionInPercentage, Balance, CreatedDate, Status) VALUES (N'5eedaaaa-0000-0000-0000-000000000009', N'5eedba33-0000-0000-0000-000000000009', N'5EED-009-01-CRY', 'Crypto Deposit', 0.00, 533.00, 0, 0, 533.00, DATEADD(DAY, -103, GETUTCDATE()), 'Completed');
INSERT INTO dbo.tblH_User_Balance (UserID, BalanceID, TransactionID, Type, BalancePrevious, Amount, Commision, CommisionInPercentage, Balance, CreatedDate, Status) VALUES (N'5eedaaaa-0000-0000-0000-000000000009', N'5eedba33-0000-0000-0000-000000000009', N'5EED-009-02-CAR', 'Card Open', 533.00, -10.00, 0, 0, 523.00, DATEADD(DAY, -102, GETUTCDATE()), 'Completed');
INSERT INTO dbo.tblM_User_Balance (BalanceID, UserID, Currency, Balance, isActive, DateCreated) VALUES (N'5eedba33-0000-0000-0000-000000000009', N'5eedaaaa-0000-0000-0000-000000000009', 'USDT', 523.00, 1, DATEADD(DAY, -104, GETUTCDATE()));
INSERT INTO dbo.tblT_Card (ID, UserID, CardTypeId, CardNo, CardNumber, CVV, ValidPeriod, Currency, Price, Total, Status, isActive, DateCreated) VALUES (N'5eedca01-0000-0000-0000-000000000009', N'5eedaaaa-0000-0000-0000-000000000009', 111028, '4024001000000010', N'4024 00** **** 0010', '170', '11/29', 'USD', 10.00, 10.00, 'active', 1, DATEADD(DAY, -99, GETUTCDATE()));
INSERT INTO dbo.tblT_Card_Transaction (CardNo, TradeNo, OriginTradeNo, Currency, Amount, Type, TypeStr, Status, StatusStr, MerchantName, Description, TransactionTime) VALUES ('4024001000000010', '5EEDTXN001001', '5EEDTXN001001', 'USD', 6.99, 'consume', 'Consume', 'success', 'Success', N'Figma', N'Card purchase at Figma', DATEADD(DAY, -97, GETUTCDATE()));
INSERT INTO dbo.tblT_Card_Transaction (CardNo, TradeNo, OriginTradeNo, Currency, Amount, Type, TypeStr, Status, StatusStr, MerchantName, Description, TransactionTime) VALUES ('4024001000000010', '5EEDTXN001002', '5EEDTXN001002', 'USD', 13.99, 'consume', 'Consume', 'success', 'Success', N'Amazon', N'Card purchase at Amazon', DATEADD(DAY, -95, GETUTCDATE()));
INSERT INTO dbo.tblT_Card_Transaction (CardNo, TradeNo, OriginTradeNo, Currency, Amount, Type, TypeStr, Status, StatusStr, MerchantName, Description, TransactionTime) VALUES ('4024001000000010', '5EEDTXN001003', '5EEDTXN001003', 'USD', 20.99, 'consume', 'Consume', 'success', 'Success', N'Netflix', N'Card purchase at Netflix', DATEADD(DAY, -93, GETUTCDATE()));
INSERT INTO dbo.tblT_Card_Transaction (CardNo, TradeNo, OriginTradeNo, Currency, Amount, Type, TypeStr, Status, StatusStr, MerchantName, Description, TransactionTime) VALUES ('4024001000000010', '5EEDTXN001004', '5EEDTXN001004', 'USD', 5.99, 'consume', 'Consume', 'success', 'Success', N'Spotify', N'Card purchase at Spotify', DATEADD(DAY, -91, GETUTCDATE()));
INSERT INTO dbo.tblT_Card_Transaction (CardNo, TradeNo, OriginTradeNo, Currency, Amount, Type, TypeStr, Status, StatusStr, MerchantName, Description, TransactionTime) VALUES ('4024001000000010', '5EEDTXN001005', '5EEDTXN001005', 'USD', 12.99, 'consume', 'Consume', 'success', 'Success', N'Steam', N'Card purchase at Steam', DATEADD(DAY, -89, GETUTCDATE()));
INSERT INTO dbo.tblT_Card_Balance (ID, CardNo, Amount, UsedAmount, Currency) VALUES (N'5eedcb44-0000-0000-0000-000000000010', '4024001000000010', 89.05, 60.95, 'USD');

-- ---- user #10 (Mateo Adeyemi) ----
INSERT INTO dbo.tblM_User (UserID, Email, FirstName, LastName, Password, RoleID, Phone, isActive, isVerified, isBanned, DateJoin) VALUES (N'5eedaaaa-0000-0000-0000-000000000010', N'dev.user10@synthetic.kash.local', N'Mateo', N'Adeyemi', N'DEV-SYNTHETIC-NO-LOGIN', 'role-owner', '+15005550010', 1, 1, 0, DATEADD(DAY, -115, GETUTCDATE()));
INSERT INTO dbo.tblM_User_Commission     (CommissionID, UserID, Commission, DateCreated) VALUES (N'5eedc011-0000-0000-0000-000000000010', N'5eedaaaa-0000-0000-0000-000000000010', 0.1, DATEADD(DAY, -115, GETUTCDATE()));
INSERT INTO dbo.tblM_User_Referral       (UserID, Code, DateCreated) VALUES (N'5eedaaaa-0000-0000-0000-000000000010', 'DEV00010', DATEADD(DAY, -115, GETUTCDATE()));
INSERT INTO dbo.tblM_User_Crypto_Deposit (ID, UserID, NetworkID, Address, isActive, DateCreated) VALUES (N'5eedcd22-0000-0000-0000-000000000010', N'5eedaaaa-0000-0000-0000-000000000010', 'F580A411-0E37-4287-B975-408172A2B4BF', 'TDEVSEED000000000000000000000000010', 1, DATEADD(DAY, -115, GETUTCDATE()));
INSERT INTO dbo.tblM_User_Balance (BalanceID, UserID, Currency, Balance, isActive, DateCreated) VALUES (N'5eedba33-0000-0000-0000-000000000010', N'5eedaaaa-0000-0000-0000-000000000010', 'USDT', 0.00, 1, DATEADD(DAY, -115, GETUTCDATE()));

-- ---- user #11 (Zoe Diaz) ----
INSERT INTO dbo.tblM_User (UserID, Email, FirstName, LastName, Password, RoleID, Phone, isActive, isVerified, isBanned, DateJoin) VALUES (N'5eedaaaa-0000-0000-0000-000000000011', N'dev.user11@synthetic.kash.local', N'Zoe', N'Diaz', N'DEV-SYNTHETIC-NO-LOGIN', 'role-owner', '+15005550011', 1, 1, 0, DATEADD(DAY, -126, GETUTCDATE()));
INSERT INTO dbo.tblM_User_Commission     (CommissionID, UserID, Commission, DateCreated) VALUES (N'5eedc011-0000-0000-0000-000000000011', N'5eedaaaa-0000-0000-0000-000000000011', 0.1, DATEADD(DAY, -126, GETUTCDATE()));
INSERT INTO dbo.tblM_User_Referral       (UserID, Code, DateCreated) VALUES (N'5eedaaaa-0000-0000-0000-000000000011', 'DEV00011', DATEADD(DAY, -126, GETUTCDATE()));
INSERT INTO dbo.tblM_User_Crypto_Deposit (ID, UserID, NetworkID, Address, isActive, DateCreated) VALUES (N'5eedcd22-0000-0000-0000-000000000011', N'5eedaaaa-0000-0000-0000-000000000011', 'F580A411-0E37-4287-B975-408172A2B4BF', 'TDEVSEED000000000000000000000000011', 1, DATEADD(DAY, -126, GETUTCDATE()));
INSERT INTO dbo.tblH_User_Balance (UserID, BalanceID, TransactionID, Type, BalancePrevious, Amount, Commision, CommisionInPercentage, Balance, CreatedDate, Status) VALUES (N'5eedaaaa-0000-0000-0000-000000000011', N'5eedba33-0000-0000-0000-000000000011', N'5EED-011-01-CRY', 'Crypto Deposit', 0.00, 607.00, 0, 0, 607.00, DATEADD(DAY, -125, GETUTCDATE()), 'Completed');
INSERT INTO dbo.tblM_User_Balance (BalanceID, UserID, Currency, Balance, isActive, DateCreated) VALUES (N'5eedba33-0000-0000-0000-000000000011', N'5eedaaaa-0000-0000-0000-000000000011', 'USDT', 607.00, 1, DATEADD(DAY, -126, GETUTCDATE()));

-- ---- user #12 (Kai Yilmaz) ----
INSERT INTO dbo.tblM_User (UserID, Email, FirstName, LastName, Password, RoleID, Phone, isActive, isVerified, isBanned, DateJoin) VALUES (N'5eedaaaa-0000-0000-0000-000000000012', N'dev.user12@synthetic.kash.local', N'Kai', N'Yilmaz', N'DEV-SYNTHETIC-NO-LOGIN', 'role-owner', '+15005550012', 1, 1, 0, DATEADD(DAY, -137, GETUTCDATE()));
INSERT INTO dbo.tblM_User_Commission     (CommissionID, UserID, Commission, DateCreated) VALUES (N'5eedc011-0000-0000-0000-000000000012', N'5eedaaaa-0000-0000-0000-000000000012', 0.1, DATEADD(DAY, -137, GETUTCDATE()));
INSERT INTO dbo.tblM_User_Referral       (UserID, Code, DateCreated) VALUES (N'5eedaaaa-0000-0000-0000-000000000012', 'DEV00012', DATEADD(DAY, -137, GETUTCDATE()));
INSERT INTO dbo.tblM_User_Crypto_Deposit (ID, UserID, NetworkID, Address, isActive, DateCreated) VALUES (N'5eedcd22-0000-0000-0000-000000000012', N'5eedaaaa-0000-0000-0000-000000000012', 'F580A411-0E37-4287-B975-408172A2B4BF', 'TDEVSEED000000000000000000000000012', 1, DATEADD(DAY, -137, GETUTCDATE()));
INSERT INTO dbo.tblH_User_Balance (UserID, BalanceID, TransactionID, Type, BalancePrevious, Amount, Commision, CommisionInPercentage, Balance, CreatedDate, Status) VALUES (N'5eedaaaa-0000-0000-0000-000000000012', N'5eedba33-0000-0000-0000-000000000012', N'5EED-012-01-CRY', 'Crypto Deposit', 0.00, 644.00, 0, 0, 644.00, DATEADD(DAY, -136, GETUTCDATE()), 'Completed');
INSERT INTO dbo.tblH_User_Balance (UserID, BalanceID, TransactionID, Type, BalancePrevious, Amount, Commision, CommisionInPercentage, Balance, CreatedDate, Status) VALUES (N'5eedaaaa-0000-0000-0000-000000000012', N'5eedba33-0000-0000-0000-000000000012', N'5EED-012-02-CRY', 'Crypto Deposit', 644.00, 306.00, 0, 0, 950.00, DATEADD(DAY, -20, GETUTCDATE()), 'Completed');
INSERT INTO dbo.tblH_User_Balance (UserID, BalanceID, TransactionID, Type, BalancePrevious, Amount, Commision, CommisionInPercentage, Balance, CreatedDate, Status) VALUES (N'5eedaaaa-0000-0000-0000-000000000012', N'5eedba33-0000-0000-0000-000000000012', N'5EED-012-03-CAR', 'Card Open', 950.00, -10.00, 0, 0, 940.00, DATEADD(DAY, -135, GETUTCDATE()), 'Completed');
INSERT INTO dbo.tblH_User_Balance (UserID, BalanceID, TransactionID, Type, BalancePrevious, Amount, Commision, CommisionInPercentage, Balance, CreatedDate, Status) VALUES (N'5eedaaaa-0000-0000-0000-000000000012', N'5eedba33-0000-0000-0000-000000000012', N'5EED-012-04-CAR', 'Card Open', 940.00, -10.00, 0, 0, 930.00, DATEADD(DAY, -132, GETUTCDATE()), 'Completed');
INSERT INTO dbo.tblM_User_Balance (BalanceID, UserID, Currency, Balance, isActive, DateCreated) VALUES (N'5eedba33-0000-0000-0000-000000000012', N'5eedaaaa-0000-0000-0000-000000000012', 'USDT', 930.00, 1, DATEADD(DAY, -137, GETUTCDATE()));
INSERT INTO dbo.tblT_Card (ID, UserID, CardTypeId, CardNo, CardNumber, CVV, ValidPeriod, Currency, Price, Total, Status, isActive, DateCreated) VALUES (N'5eedca01-0000-0000-0000-000000000012', N'5eedaaaa-0000-0000-0000-000000000012', 111028, '4024001000000011', N'4024 00** **** 0011', '177', '12/29', 'USD', 10.00, 10.00, 'active', 1, DATEADD(DAY, -132, GETUTCDATE()));
INSERT INTO dbo.tblT_Card_Transaction (CardNo, TradeNo, OriginTradeNo, Currency, Amount, Type, TypeStr, Status, StatusStr, MerchantName, Description, TransactionTime) VALUES ('4024001000000011', '5EEDTXN001101', '5EEDTXN001101', 'USD', 19.99, 'consume', 'Consume', 'success', 'Success', N'Amazon', N'Card purchase at Amazon', DATEADD(DAY, -130, GETUTCDATE()));
INSERT INTO dbo.tblT_Card_Transaction (CardNo, TradeNo, OriginTradeNo, Currency, Amount, Type, TypeStr, Status, StatusStr, MerchantName, Description, TransactionTime) VALUES ('4024001000000011', '5EEDTXN001102', '5EEDTXN001102', 'USD', 4.99, 'consume', 'Consume', 'success', 'Success', N'Netflix', N'Card purchase at Netflix', DATEADD(DAY, -128, GETUTCDATE()));
INSERT INTO dbo.tblT_Card_Transaction (CardNo, TradeNo, OriginTradeNo, Currency, Amount, Type, TypeStr, Status, StatusStr, MerchantName, Description, TransactionTime) VALUES ('4024001000000011', '5EEDTXN001103', '5EEDTXN001103', 'USD', 11.99, 'consume', 'Consume', 'success', 'Success', N'Spotify', N'Card purchase at Spotify', DATEADD(DAY, -126, GETUTCDATE()));
INSERT INTO dbo.tblT_Card_Transaction (CardNo, TradeNo, OriginTradeNo, Currency, Amount, Type, TypeStr, Status, StatusStr, MerchantName, Description, TransactionTime) VALUES ('4024001000000011', '5EEDTXN001104', '5EEDTXN001104', 'USD', 18.99, 'consume', 'Consume', 'success', 'Success', N'Steam', N'Card purchase at Steam', DATEADD(DAY, -124, GETUTCDATE()));
INSERT INTO dbo.tblT_Card_Transaction (CardNo, TradeNo, OriginTradeNo, Currency, Amount, Type, TypeStr, Status, StatusStr, MerchantName, Description, TransactionTime) VALUES ('4024001000000011', '5EEDTXN001105', '5EEDTXN001105', 'USD', 3.99, 'consume', 'Consume', 'success', 'Success', N'Uber', N'Card purchase at Uber', DATEADD(DAY, -122, GETUTCDATE()));
INSERT INTO dbo.tblT_Card_Transaction (CardNo, TradeNo, OriginTradeNo, Currency, Amount, Type, TypeStr, Status, StatusStr, MerchantName, Description, TransactionTime) VALUES ('4024001000000011', '5EEDTXN001106', '5EEDTXN001106', 'USD', 10.99, 'consume', 'Consume', 'success', 'Success', N'Apple', N'Card purchase at Apple', DATEADD(DAY, -120, GETUTCDATE()));
INSERT INTO dbo.tblT_Card_Balance (ID, CardNo, Amount, UsedAmount, Currency) VALUES (N'5eedcb44-0000-0000-0000-000000000011', '4024001000000011', 129.06, 70.94, 'USD');
INSERT INTO dbo.tblT_Card (ID, UserID, CardTypeId, CardNo, CardNumber, CVV, ValidPeriod, Currency, Price, Total, Status, isActive, DateCreated) VALUES (N'5eedca02-0000-0000-0000-000000000012', N'5eedaaaa-0000-0000-0000-000000000012', 111028, '4024001000000012', N'4024 00** **** 0012', '184', '01/30', 'USD', 10.00, 10.00, 'cancelled', 0, DATEADD(DAY, -129, GETUTCDATE()));
INSERT INTO dbo.tblT_Card_Transaction (CardNo, TradeNo, OriginTradeNo, Currency, Amount, Type, TypeStr, Status, StatusStr, MerchantName, Description, TransactionTime) VALUES ('4024001000000012', '5EEDTXN001201', '5EEDTXN001201', 'USD', 10.99, 'consume', 'Consume', 'success', 'Success', N'Netflix', N'Card purchase at Netflix', DATEADD(DAY, -127, GETUTCDATE()));
INSERT INTO dbo.tblT_Card_Transaction (CardNo, TradeNo, OriginTradeNo, Currency, Amount, Type, TypeStr, Status, StatusStr, MerchantName, Description, TransactionTime) VALUES ('4024001000000012', '5EEDTXN001202', '5EEDTXN001202', 'USD', 17.99, 'consume', 'Consume', 'success', 'Success', N'Spotify', N'Card purchase at Spotify', DATEADD(DAY, -125, GETUTCDATE()));
INSERT INTO dbo.tblT_Card_Transaction (CardNo, TradeNo, OriginTradeNo, Currency, Amount, Type, TypeStr, Status, StatusStr, MerchantName, Description, TransactionTime) VALUES ('4024001000000012', '5EEDTXN001203', '5EEDTXN001203', 'USD', 2.99, 'consume', 'Consume', 'success', 'Success', N'Steam', N'Card purchase at Steam', DATEADD(DAY, -123, GETUTCDATE()));
INSERT INTO dbo.tblT_Card_Balance (ID, CardNo, Amount, UsedAmount, Currency) VALUES (N'5eedcb44-0000-0000-0000-000000000012', '4024001000000012', 68.03, 31.97, 'USD');

-- ---- user #13 (Nina Khan) ----
INSERT INTO dbo.tblM_User (UserID, Email, FirstName, LastName, Password, RoleID, Phone, isActive, isVerified, isBanned, DateJoin) VALUES (N'5eedaaaa-0000-0000-0000-000000000013', N'dev.user13@synthetic.kash.local', N'Nina', N'Khan', N'DEV-SYNTHETIC-NO-LOGIN', 'role-owner', '+15005550013', 1, 1, 0, DATEADD(DAY, -148, GETUTCDATE()));
INSERT INTO dbo.tblM_User_Commission     (CommissionID, UserID, Commission, DateCreated) VALUES (N'5eedc011-0000-0000-0000-000000000013', N'5eedaaaa-0000-0000-0000-000000000013', 0.1, DATEADD(DAY, -148, GETUTCDATE()));
INSERT INTO dbo.tblM_User_Referral       (UserID, Code, DateCreated) VALUES (N'5eedaaaa-0000-0000-0000-000000000013', 'DEV00013', DATEADD(DAY, -148, GETUTCDATE()));
INSERT INTO dbo.tblM_User_Crypto_Deposit (ID, UserID, NetworkID, Address, isActive, DateCreated) VALUES (N'5eedcd22-0000-0000-0000-000000000013', N'5eedaaaa-0000-0000-0000-000000000013', 'F580A411-0E37-4287-B975-408172A2B4BF', 'TDEVSEED000000000000000000000000013', 1, DATEADD(DAY, -148, GETUTCDATE()));
INSERT INTO dbo.tblH_User_Balance (UserID, BalanceID, TransactionID, Type, BalancePrevious, Amount, Commision, CommisionInPercentage, Balance, CreatedDate, Status) VALUES (N'5eedaaaa-0000-0000-0000-000000000013', N'5eedba33-0000-0000-0000-000000000013', N'5EED-013-01-CRY', 'Crypto Deposit', 0.00, 681.00, 0, 0, 681.00, DATEADD(DAY, -147, GETUTCDATE()), 'Completed');
INSERT INTO dbo.tblM_User_Balance (BalanceID, UserID, Currency, Balance, isActive, DateCreated) VALUES (N'5eedba33-0000-0000-0000-000000000013', N'5eedaaaa-0000-0000-0000-000000000013', 'USDT', 681.00, 1, DATEADD(DAY, -148, GETUTCDATE()));

-- ---- user #14 (Omar Costa) ----
INSERT INTO dbo.tblM_User (UserID, Email, FirstName, LastName, Password, RoleID, Phone, isActive, isVerified, isBanned, DateJoin) VALUES (N'5eedaaaa-0000-0000-0000-000000000014', N'dev.user14@synthetic.kash.local', N'Omar', N'Costa', N'DEV-SYNTHETIC-NO-LOGIN', 'role-owner', '+15005550014', 1, 1, 0, DATEADD(DAY, -159, GETUTCDATE()));
INSERT INTO dbo.tblM_User_Commission     (CommissionID, UserID, Commission, DateCreated) VALUES (N'5eedc011-0000-0000-0000-000000000014', N'5eedaaaa-0000-0000-0000-000000000014', 0.1, DATEADD(DAY, -159, GETUTCDATE()));
INSERT INTO dbo.tblM_User_Referral       (UserID, Code, DateCreated) VALUES (N'5eedaaaa-0000-0000-0000-000000000014', 'DEV00014', DATEADD(DAY, -159, GETUTCDATE()));
INSERT INTO dbo.tblM_User_Crypto_Deposit (ID, UserID, NetworkID, Address, isActive, DateCreated) VALUES (N'5eedcd22-0000-0000-0000-000000000014', N'5eedaaaa-0000-0000-0000-000000000014', 'F580A411-0E37-4287-B975-408172A2B4BF', 'TDEVSEED000000000000000000000000014', 1, DATEADD(DAY, -159, GETUTCDATE()));
INSERT INTO dbo.tblH_User_Balance (UserID, BalanceID, TransactionID, Type, BalancePrevious, Amount, Commision, CommisionInPercentage, Balance, CreatedDate, Status) VALUES (N'5eedaaaa-0000-0000-0000-000000000014', N'5eedba33-0000-0000-0000-000000000014', N'5EED-014-01-CRY', 'Crypto Deposit', 0.00, 718.00, 0, 0, 718.00, DATEADD(DAY, -158, GETUTCDATE()), 'Completed');
INSERT INTO dbo.tblH_User_Balance (UserID, BalanceID, TransactionID, Type, BalancePrevious, Amount, Commision, CommisionInPercentage, Balance, CreatedDate, Status) VALUES (N'5eedaaaa-0000-0000-0000-000000000014', N'5eedba33-0000-0000-0000-000000000014', N'5EED-014-02-CAR', 'Card Open', 718.00, -10.00, 0, 0, 708.00, DATEADD(DAY, -157, GETUTCDATE()), 'Completed');
INSERT INTO dbo.tblM_User_Balance (BalanceID, UserID, Currency, Balance, isActive, DateCreated) VALUES (N'5eedba33-0000-0000-0000-000000000014', N'5eedaaaa-0000-0000-0000-000000000014', 'USDT', 708.00, 1, DATEADD(DAY, -159, GETUTCDATE()));
INSERT INTO dbo.tblT_Card (ID, UserID, CardTypeId, CardNo, CardNumber, CVV, ValidPeriod, Currency, Price, Total, Status, isActive, DateCreated) VALUES (N'5eedca01-0000-0000-0000-000000000014', N'5eedaaaa-0000-0000-0000-000000000014', 111028, '4024001000000013', N'4024 00** **** 0013', '191', '02/29', 'USD', 10.00, 10.00, 'active', 1, DATEADD(DAY, -154, GETUTCDATE()));
INSERT INTO dbo.tblT_Card_Transaction (CardNo, TradeNo, OriginTradeNo, Currency, Amount, Type, TypeStr, Status, StatusStr, MerchantName, Description, TransactionTime) VALUES ('4024001000000013', '5EEDTXN001301', '5EEDTXN001301', 'USD', 1.99, 'consume', 'Consume', 'success', 'Success', N'Spotify', N'Card purchase at Spotify', DATEADD(DAY, -152, GETUTCDATE()));
INSERT INTO dbo.tblT_Card_Transaction (CardNo, TradeNo, OriginTradeNo, Currency, Amount, Type, TypeStr, Status, StatusStr, MerchantName, Description, TransactionTime) VALUES ('4024001000000013', '5EEDTXN001302', '5EEDTXN001302', 'USD', 8.99, 'consume', 'Consume', 'success', 'Success', N'Steam', N'Card purchase at Steam', DATEADD(DAY, -150, GETUTCDATE()));
INSERT INTO dbo.tblT_Card_Transaction (CardNo, TradeNo, OriginTradeNo, Currency, Amount, Type, TypeStr, Status, StatusStr, MerchantName, Description, TransactionTime) VALUES ('4024001000000013', '5EEDTXN001303', '5EEDTXN001303', 'USD', 15.99, 'consume', 'Consume', 'success', 'Success', N'Uber', N'Card purchase at Uber', DATEADD(DAY, -148, GETUTCDATE()));
INSERT INTO dbo.tblT_Card_Transaction (CardNo, TradeNo, OriginTradeNo, Currency, Amount, Type, TypeStr, Status, StatusStr, MerchantName, Description, TransactionTime) VALUES ('4024001000000013', '5EEDTXN001304', '5EEDTXN001304', 'USD', 22.99, 'consume', 'Consume', 'success', 'Success', N'Apple', N'Card purchase at Apple', DATEADD(DAY, -146, GETUTCDATE()));
INSERT INTO dbo.tblT_Card_Balance (ID, CardNo, Amount, UsedAmount, Currency) VALUES (N'5eedcb44-0000-0000-0000-000000000013', '4024001000000013', 100.04, 49.96, 'USD');

-- ---- user #15 (Lea Lopez) ----
INSERT INTO dbo.tblM_User (UserID, Email, FirstName, LastName, Password, RoleID, Phone, isActive, isVerified, isBanned, DateJoin) VALUES (N'5eedaaaa-0000-0000-0000-000000000015', N'dev.user15@synthetic.kash.local', N'Lea', N'Lopez', N'DEV-SYNTHETIC-NO-LOGIN', 'role-owner', '+15005550015', 1, 1, 0, DATEADD(DAY, -170, GETUTCDATE()));
INSERT INTO dbo.tblM_User_Commission     (CommissionID, UserID, Commission, DateCreated) VALUES (N'5eedc011-0000-0000-0000-000000000015', N'5eedaaaa-0000-0000-0000-000000000015', 0.1, DATEADD(DAY, -170, GETUTCDATE()));
INSERT INTO dbo.tblM_User_Referral       (UserID, Code, DateCreated) VALUES (N'5eedaaaa-0000-0000-0000-000000000015', 'DEV00015', DATEADD(DAY, -170, GETUTCDATE()));
INSERT INTO dbo.tblM_User_Crypto_Deposit (ID, UserID, NetworkID, Address, isActive, DateCreated) VALUES (N'5eedcd22-0000-0000-0000-000000000015', N'5eedaaaa-0000-0000-0000-000000000015', 'F580A411-0E37-4287-B975-408172A2B4BF', 'TDEVSEED000000000000000000000000015', 1, DATEADD(DAY, -170, GETUTCDATE()));
INSERT INTO dbo.tblM_User_Balance (BalanceID, UserID, Currency, Balance, isActive, DateCreated) VALUES (N'5eedba33-0000-0000-0000-000000000015', N'5eedaaaa-0000-0000-0000-000000000015', 'USDT', 0.00, 1, DATEADD(DAY, -170, GETUTCDATE()));

-- ---- user #16 (Ivan Dubois) ----
INSERT INTO dbo.tblM_User (UserID, Email, FirstName, LastName, Password, RoleID, Phone, isActive, isVerified, isBanned, DateJoin) VALUES (N'5eedaaaa-0000-0000-0000-000000000016', N'dev.user16@synthetic.kash.local', N'Ivan', N'Dubois', N'DEV-SYNTHETIC-NO-LOGIN', 'role-owner', '+15005550016', 1, 1, 0, DATEADD(DAY, -181, GETUTCDATE()));
INSERT INTO dbo.tblM_User_Commission     (CommissionID, UserID, Commission, DateCreated) VALUES (N'5eedc011-0000-0000-0000-000000000016', N'5eedaaaa-0000-0000-0000-000000000016', 0.1, DATEADD(DAY, -181, GETUTCDATE()));
INSERT INTO dbo.tblM_User_Referral       (UserID, Code, DateCreated) VALUES (N'5eedaaaa-0000-0000-0000-000000000016', 'DEV00016', DATEADD(DAY, -181, GETUTCDATE()));
INSERT INTO dbo.tblM_User_Crypto_Deposit (ID, UserID, NetworkID, Address, isActive, DateCreated) VALUES (N'5eedcd22-0000-0000-0000-000000000016', N'5eedaaaa-0000-0000-0000-000000000016', 'F580A411-0E37-4287-B975-408172A2B4BF', 'TDEVSEED000000000000000000000000016', 1, DATEADD(DAY, -181, GETUTCDATE()));
INSERT INTO dbo.tblH_User_Balance (UserID, BalanceID, TransactionID, Type, BalancePrevious, Amount, Commision, CommisionInPercentage, Balance, CreatedDate, Status) VALUES (N'5eedaaaa-0000-0000-0000-000000000016', N'5eedba33-0000-0000-0000-000000000016', N'5EED-016-01-CRY', 'Crypto Deposit', 0.00, 792.00, 0, 0, 792.00, DATEADD(DAY, -180, GETUTCDATE()), 'Completed');
INSERT INTO dbo.tblH_User_Balance (UserID, BalanceID, TransactionID, Type, BalancePrevious, Amount, Commision, CommisionInPercentage, Balance, CreatedDate, Status) VALUES (N'5eedaaaa-0000-0000-0000-000000000016', N'5eedba33-0000-0000-0000-000000000016', N'5EED-016-02-CRY', 'Crypto Deposit', 792.00, 358.00, 0, 0, 1150.00, DATEADD(DAY, -20, GETUTCDATE()), 'Completed');
INSERT INTO dbo.tblH_User_Balance (UserID, BalanceID, TransactionID, Type, BalancePrevious, Amount, Commision, CommisionInPercentage, Balance, CreatedDate, Status) VALUES (N'5eedaaaa-0000-0000-0000-000000000016', N'5eedba33-0000-0000-0000-000000000016', N'5EED-016-03-CAR', 'Card Open', 1150.00, -10.00, 0, 0, 1140.00, DATEADD(DAY, -179, GETUTCDATE()), 'Completed');
INSERT INTO dbo.tblM_User_Balance (BalanceID, UserID, Currency, Balance, isActive, DateCreated) VALUES (N'5eedba33-0000-0000-0000-000000000016', N'5eedaaaa-0000-0000-0000-000000000016', 'USDT', 1140.00, 1, DATEADD(DAY, -181, GETUTCDATE()));
INSERT INTO dbo.tblT_Card (ID, UserID, CardTypeId, CardNo, CardNumber, CVV, ValidPeriod, Currency, Price, Total, Status, isActive, DateCreated) VALUES (N'5eedca01-0000-0000-0000-000000000016', N'5eedaaaa-0000-0000-0000-000000000016', 111028, '4024001000000014', N'4024 00** **** 0014', '198', '03/29', 'USD', 10.00, 10.00, 'active', 1, DATEADD(DAY, -176, GETUTCDATE()));
INSERT INTO dbo.tblT_Card_Transaction (CardNo, TradeNo, OriginTradeNo, Currency, Amount, Type, TypeStr, Status, StatusStr, MerchantName, Description, TransactionTime) VALUES ('4024001000000014', '5EEDTXN001401', '5EEDTXN001401', 'USD', 14.99, 'consume', 'Consume', 'success', 'Success', N'Steam', N'Card purchase at Steam', DATEADD(DAY, -174, GETUTCDATE()));
INSERT INTO dbo.tblT_Card_Transaction (CardNo, TradeNo, OriginTradeNo, Currency, Amount, Type, TypeStr, Status, StatusStr, MerchantName, Description, TransactionTime) VALUES ('4024001000000014', '5EEDTXN001402', '5EEDTXN001402', 'USD', 21.99, 'consume', 'Consume', 'success', 'Success', N'Uber', N'Card purchase at Uber', DATEADD(DAY, -172, GETUTCDATE()));
INSERT INTO dbo.tblT_Card_Transaction (CardNo, TradeNo, OriginTradeNo, Currency, Amount, Type, TypeStr, Status, StatusStr, MerchantName, Description, TransactionTime) VALUES ('4024001000000014', '5EEDTXN001403', '5EEDTXN001403', 'USD', 6.99, 'consume', 'Consume', 'success', 'Success', N'Apple', N'Card purchase at Apple', DATEADD(DAY, -170, GETUTCDATE()));
INSERT INTO dbo.tblT_Card_Transaction (CardNo, TradeNo, OriginTradeNo, Currency, Amount, Type, TypeStr, Status, StatusStr, MerchantName, Description, TransactionTime) VALUES ('4024001000000014', '5EEDTXN001404', '5EEDTXN001404', 'USD', 13.99, 'consume', 'Consume', 'success', 'Success', N'Booking.com', N'Card purchase at Booking.com', DATEADD(DAY, -168, GETUTCDATE()));
INSERT INTO dbo.tblT_Card_Transaction (CardNo, TradeNo, OriginTradeNo, Currency, Amount, Type, TypeStr, Status, StatusStr, MerchantName, Description, TransactionTime) VALUES ('4024001000000014', '5EEDTXN001405', '5EEDTXN001405', 'USD', 20.99, 'consume', 'Consume', 'success', 'Success', N'AliExpress', N'Card purchase at AliExpress', DATEADD(DAY, -166, GETUTCDATE()));
INSERT INTO dbo.tblT_Card_Balance (ID, CardNo, Amount, UsedAmount, Currency) VALUES (N'5eedcb44-0000-0000-0000-000000000014', '4024001000000014', 121.05, 78.95, 'USD');

-- ---- user #17 (Yuki Lund) ----
INSERT INTO dbo.tblM_User (UserID, Email, FirstName, LastName, Password, RoleID, Phone, isActive, isVerified, isBanned, DateJoin) VALUES (N'5eedaaaa-0000-0000-0000-000000000017', N'dev.user17@synthetic.kash.local', N'Yuki', N'Lund', N'DEV-SYNTHETIC-NO-LOGIN', 'role-owner', '+15005550017', 1, 1, 0, DATEADD(DAY, -192, GETUTCDATE()));
INSERT INTO dbo.tblM_User_Commission     (CommissionID, UserID, Commission, DateCreated) VALUES (N'5eedc011-0000-0000-0000-000000000017', N'5eedaaaa-0000-0000-0000-000000000017', 0.1, DATEADD(DAY, -192, GETUTCDATE()));
INSERT INTO dbo.tblM_User_Referral       (UserID, Code, DateCreated) VALUES (N'5eedaaaa-0000-0000-0000-000000000017', 'DEV00017', DATEADD(DAY, -192, GETUTCDATE()));
INSERT INTO dbo.tblM_User_Crypto_Deposit (ID, UserID, NetworkID, Address, isActive, DateCreated) VALUES (N'5eedcd22-0000-0000-0000-000000000017', N'5eedaaaa-0000-0000-0000-000000000017', 'F580A411-0E37-4287-B975-408172A2B4BF', 'TDEVSEED000000000000000000000000017', 1, DATEADD(DAY, -192, GETUTCDATE()));
INSERT INTO dbo.tblH_User_Balance (UserID, BalanceID, TransactionID, Type, BalancePrevious, Amount, Commision, CommisionInPercentage, Balance, CreatedDate, Status) VALUES (N'5eedaaaa-0000-0000-0000-000000000017', N'5eedba33-0000-0000-0000-000000000017', N'5EED-017-01-CRY', 'Crypto Deposit', 0.00, 829.00, 0, 0, 829.00, DATEADD(DAY, -191, GETUTCDATE()), 'Completed');
INSERT INTO dbo.tblM_User_Balance (BalanceID, UserID, Currency, Balance, isActive, DateCreated) VALUES (N'5eedba33-0000-0000-0000-000000000017', N'5eedaaaa-0000-0000-0000-000000000017', 'USDT', 829.00, 1, DATEADD(DAY, -192, GETUTCDATE()));

-- ---- user #18 (Hana Patel) ----
INSERT INTO dbo.tblM_User (UserID, Email, FirstName, LastName, Password, RoleID, Phone, isActive, isVerified, isBanned, DateJoin) VALUES (N'5eedaaaa-0000-0000-0000-000000000018', N'dev.user18@synthetic.kash.local', N'Hana', N'Patel', N'DEV-SYNTHETIC-NO-LOGIN', 'role-owner', '+15005550018', 1, 1, 0, DATEADD(DAY, -203, GETUTCDATE()));
INSERT INTO dbo.tblM_User_Commission     (CommissionID, UserID, Commission, DateCreated) VALUES (N'5eedc011-0000-0000-0000-000000000018', N'5eedaaaa-0000-0000-0000-000000000018', 0.1, DATEADD(DAY, -203, GETUTCDATE()));
INSERT INTO dbo.tblM_User_Referral       (UserID, Code, DateCreated) VALUES (N'5eedaaaa-0000-0000-0000-000000000018', 'DEV00018', DATEADD(DAY, -203, GETUTCDATE()));
INSERT INTO dbo.tblM_User_Crypto_Deposit (ID, UserID, NetworkID, Address, isActive, DateCreated) VALUES (N'5eedcd22-0000-0000-0000-000000000018', N'5eedaaaa-0000-0000-0000-000000000018', 'F580A411-0E37-4287-B975-408172A2B4BF', 'TDEVSEED000000000000000000000000018', 1, DATEADD(DAY, -203, GETUTCDATE()));
INSERT INTO dbo.tblH_User_Balance (UserID, BalanceID, TransactionID, Type, BalancePrevious, Amount, Commision, CommisionInPercentage, Balance, CreatedDate, Status) VALUES (N'5eedaaaa-0000-0000-0000-000000000018', N'5eedba33-0000-0000-0000-000000000018', N'5EED-018-01-CRY', 'Crypto Deposit', 0.00, 866.00, 0, 0, 866.00, DATEADD(DAY, -202, GETUTCDATE()), 'Completed');
INSERT INTO dbo.tblH_User_Balance (UserID, BalanceID, TransactionID, Type, BalancePrevious, Amount, Commision, CommisionInPercentage, Balance, CreatedDate, Status) VALUES (N'5eedaaaa-0000-0000-0000-000000000018', N'5eedba33-0000-0000-0000-000000000018', N'5EED-018-02-CAR', 'Card Open', 866.00, -10.00, 0, 0, 856.00, DATEADD(DAY, -201, GETUTCDATE()), 'Completed');
INSERT INTO dbo.tblH_User_Balance (UserID, BalanceID, TransactionID, Type, BalancePrevious, Amount, Commision, CommisionInPercentage, Balance, CreatedDate, Status) VALUES (N'5eedaaaa-0000-0000-0000-000000000018', N'5eedba33-0000-0000-0000-000000000018', N'5EED-018-03-CAR', 'Card Open', 856.00, -10.00, 0, 0, 846.00, DATEADD(DAY, -198, GETUTCDATE()), 'Completed');
INSERT INTO dbo.tblM_User_Balance (BalanceID, UserID, Currency, Balance, isActive, DateCreated) VALUES (N'5eedba33-0000-0000-0000-000000000018', N'5eedaaaa-0000-0000-0000-000000000018', 'USDT', 846.00, 1, DATEADD(DAY, -203, GETUTCDATE()));
INSERT INTO dbo.tblT_Card (ID, UserID, CardTypeId, CardNo, CardNumber, CVV, ValidPeriod, Currency, Price, Total, Status, isActive, DateCreated) VALUES (N'5eedca01-0000-0000-0000-000000000018', N'5eedaaaa-0000-0000-0000-000000000018', 111028, '4024001000000015', N'4024 00** **** 0015', '205', '04/29', 'USD', 10.00, 10.00, 'active', 1, DATEADD(DAY, -198, GETUTCDATE()));
INSERT INTO dbo.tblT_Card_Transaction (CardNo, TradeNo, OriginTradeNo, Currency, Amount, Type, TypeStr, Status, StatusStr, MerchantName, Description, TransactionTime) VALUES ('4024001000000015', '5EEDTXN001501', '5EEDTXN001501', 'USD', 5.99, 'consume', 'Consume', 'success', 'Success', N'Uber', N'Card purchase at Uber', DATEADD(DAY, -196, GETUTCDATE()));
INSERT INTO dbo.tblT_Card_Transaction (CardNo, TradeNo, OriginTradeNo, Currency, Amount, Type, TypeStr, Status, StatusStr, MerchantName, Description, TransactionTime) VALUES ('4024001000000015', '5EEDTXN001502', '5EEDTXN001502', 'USD', 12.99, 'consume', 'Consume', 'success', 'Success', N'Apple', N'Card purchase at Apple', DATEADD(DAY, -194, GETUTCDATE()));
INSERT INTO dbo.tblT_Card_Transaction (CardNo, TradeNo, OriginTradeNo, Currency, Amount, Type, TypeStr, Status, StatusStr, MerchantName, Description, TransactionTime) VALUES ('4024001000000015', '5EEDTXN001503', '5EEDTXN001503', 'USD', 19.99, 'consume', 'Consume', 'success', 'Success', N'Booking.com', N'Card purchase at Booking.com', DATEADD(DAY, -192, GETUTCDATE()));
INSERT INTO dbo.tblT_Card_Transaction (CardNo, TradeNo, OriginTradeNo, Currency, Amount, Type, TypeStr, Status, StatusStr, MerchantName, Description, TransactionTime) VALUES ('4024001000000015', '5EEDTXN001504', '5EEDTXN001504', 'USD', 4.99, 'consume', 'Consume', 'success', 'Success', N'AliExpress', N'Card purchase at AliExpress', DATEADD(DAY, -190, GETUTCDATE()));
INSERT INTO dbo.tblT_Card_Transaction (CardNo, TradeNo, OriginTradeNo, Currency, Amount, Type, TypeStr, Status, StatusStr, MerchantName, Description, TransactionTime) VALUES ('4024001000000015', '5EEDTXN001505', '5EEDTXN001505', 'USD', 11.99, 'consume', 'Consume', 'success', 'Success', N'OpenAI', N'Card purchase at OpenAI', DATEADD(DAY, -188, GETUTCDATE()));
INSERT INTO dbo.tblT_Card_Transaction (CardNo, TradeNo, OriginTradeNo, Currency, Amount, Type, TypeStr, Status, StatusStr, MerchantName, Description, TransactionTime) VALUES ('4024001000000015', '5EEDTXN001506', '5EEDTXN001506', 'USD', 18.99, 'consume', 'Consume', 'success', 'Success', N'Notion', N'Card purchase at Notion', DATEADD(DAY, -186, GETUTCDATE()));
INSERT INTO dbo.tblT_Card_Balance (ID, CardNo, Amount, UsedAmount, Currency) VALUES (N'5eedcb44-0000-0000-0000-000000000015', '4024001000000015', 25.06, 74.94, 'USD');
INSERT INTO dbo.tblT_Card (ID, UserID, CardTypeId, CardNo, CardNumber, CVV, ValidPeriod, Currency, Price, Total, Status, isActive, DateCreated) VALUES (N'5eedca02-0000-0000-0000-000000000018', N'5eedaaaa-0000-0000-0000-000000000018', 111028, '4024001000000016', N'4024 00** **** 0016', '212', '05/30', 'USD', 10.00, 10.00, 'cancelled', 0, DATEADD(DAY, -195, GETUTCDATE()));
INSERT INTO dbo.tblT_Card_Transaction (CardNo, TradeNo, OriginTradeNo, Currency, Amount, Type, TypeStr, Status, StatusStr, MerchantName, Description, TransactionTime) VALUES ('4024001000000016', '5EEDTXN001601', '5EEDTXN001601', 'USD', 18.99, 'consume', 'Consume', 'success', 'Success', N'Apple', N'Card purchase at Apple', DATEADD(DAY, -193, GETUTCDATE()));
INSERT INTO dbo.tblT_Card_Transaction (CardNo, TradeNo, OriginTradeNo, Currency, Amount, Type, TypeStr, Status, StatusStr, MerchantName, Description, TransactionTime) VALUES ('4024001000000016', '5EEDTXN001602', '5EEDTXN001602', 'USD', 3.99, 'consume', 'Consume', 'success', 'Success', N'Booking.com', N'Card purchase at Booking.com', DATEADD(DAY, -191, GETUTCDATE()));
INSERT INTO dbo.tblT_Card_Transaction (CardNo, TradeNo, OriginTradeNo, Currency, Amount, Type, TypeStr, Status, StatusStr, MerchantName, Description, TransactionTime) VALUES ('4024001000000016', '5EEDTXN001603', '5EEDTXN001603', 'USD', 10.99, 'consume', 'Consume', 'success', 'Success', N'AliExpress', N'Card purchase at AliExpress', DATEADD(DAY, -189, GETUTCDATE()));
INSERT INTO dbo.tblT_Card_Balance (ID, CardNo, Amount, UsedAmount, Currency) VALUES (N'5eedcb44-0000-0000-0000-000000000016', '4024001000000016', 116.03, 33.97, 'USD');

-- ---- user #19 (Diego Bauer) ----
INSERT INTO dbo.tblM_User (UserID, Email, FirstName, LastName, Password, RoleID, Phone, isActive, isVerified, isBanned, DateJoin) VALUES (N'5eedaaaa-0000-0000-0000-000000000019', N'dev.user19@synthetic.kash.local', N'Diego', N'Bauer', N'DEV-SYNTHETIC-NO-LOGIN', 'role-owner', '+15005550019', 1, 1, 0, DATEADD(DAY, -214, GETUTCDATE()));
INSERT INTO dbo.tblM_User_Commission     (CommissionID, UserID, Commission, DateCreated) VALUES (N'5eedc011-0000-0000-0000-000000000019', N'5eedaaaa-0000-0000-0000-000000000019', 0.1, DATEADD(DAY, -214, GETUTCDATE()));
INSERT INTO dbo.tblM_User_Referral       (UserID, Code, DateCreated) VALUES (N'5eedaaaa-0000-0000-0000-000000000019', 'DEV00019', DATEADD(DAY, -214, GETUTCDATE()));
INSERT INTO dbo.tblM_User_Crypto_Deposit (ID, UserID, NetworkID, Address, isActive, DateCreated) VALUES (N'5eedcd22-0000-0000-0000-000000000019', N'5eedaaaa-0000-0000-0000-000000000019', 'F580A411-0E37-4287-B975-408172A2B4BF', 'TDEVSEED000000000000000000000000019', 1, DATEADD(DAY, -214, GETUTCDATE()));
INSERT INTO dbo.tblH_User_Balance (UserID, BalanceID, TransactionID, Type, BalancePrevious, Amount, Commision, CommisionInPercentage, Balance, CreatedDate, Status) VALUES (N'5eedaaaa-0000-0000-0000-000000000019', N'5eedba33-0000-0000-0000-000000000019', N'5EED-019-01-CRY', 'Crypto Deposit', 0.00, 903.00, 0, 0, 903.00, DATEADD(DAY, -213, GETUTCDATE()), 'Completed');
INSERT INTO dbo.tblM_User_Balance (BalanceID, UserID, Currency, Balance, isActive, DateCreated) VALUES (N'5eedba33-0000-0000-0000-000000000019', N'5eedaaaa-0000-0000-0000-000000000019', 'USDT', 903.00, 1, DATEADD(DAY, -214, GETUTCDATE()));

-- ---- user #20 (Priya Rossi) ----
INSERT INTO dbo.tblM_User (UserID, Email, FirstName, LastName, Password, RoleID, Phone, isActive, isVerified, isBanned, DateJoin) VALUES (N'5eedaaaa-0000-0000-0000-000000000020', N'dev.user20@synthetic.kash.local', N'Priya', N'Rossi', N'DEV-SYNTHETIC-NO-LOGIN', 'role-owner', '+15005550020', 1, 1, 0, DATEADD(DAY, -225, GETUTCDATE()));
INSERT INTO dbo.tblM_User_Commission     (CommissionID, UserID, Commission, DateCreated) VALUES (N'5eedc011-0000-0000-0000-000000000020', N'5eedaaaa-0000-0000-0000-000000000020', 0.1, DATEADD(DAY, -225, GETUTCDATE()));
INSERT INTO dbo.tblM_User_Referral       (UserID, Code, DateCreated) VALUES (N'5eedaaaa-0000-0000-0000-000000000020', 'DEV00020', DATEADD(DAY, -225, GETUTCDATE()));
INSERT INTO dbo.tblM_User_Crypto_Deposit (ID, UserID, NetworkID, Address, isActive, DateCreated) VALUES (N'5eedcd22-0000-0000-0000-000000000020', N'5eedaaaa-0000-0000-0000-000000000020', 'F580A411-0E37-4287-B975-408172A2B4BF', 'TDEVSEED000000000000000000000000020', 1, DATEADD(DAY, -225, GETUTCDATE()));
INSERT INTO dbo.tblM_User_Balance (BalanceID, UserID, Currency, Balance, isActive, DateCreated) VALUES (N'5eedba33-0000-0000-0000-000000000020', N'5eedaaaa-0000-0000-0000-000000000020', 'USDT', 0.00, 1, DATEADD(DAY, -225, GETUTCDATE()));

-- ---- user #21 (Lukas Sato) ----
INSERT INTO dbo.tblM_User (UserID, Email, FirstName, LastName, Password, RoleID, Phone, isActive, isVerified, isBanned, DateJoin) VALUES (N'5eedaaaa-0000-0000-0000-000000000021', N'dev.user21@synthetic.kash.local', N'Lukas', N'Sato', N'DEV-SYNTHETIC-NO-LOGIN', 'role-owner', '+15005550021', 1, 1, 0, DATEADD(DAY, -236, GETUTCDATE()));
INSERT INTO dbo.tblM_User_Commission     (CommissionID, UserID, Commission, DateCreated) VALUES (N'5eedc011-0000-0000-0000-000000000021', N'5eedaaaa-0000-0000-0000-000000000021', 0.1, DATEADD(DAY, -236, GETUTCDATE()));
INSERT INTO dbo.tblM_User_Referral       (UserID, Code, DateCreated) VALUES (N'5eedaaaa-0000-0000-0000-000000000021', 'DEV00021', DATEADD(DAY, -236, GETUTCDATE()));
INSERT INTO dbo.tblM_User_Crypto_Deposit (ID, UserID, NetworkID, Address, isActive, DateCreated) VALUES (N'5eedcd22-0000-0000-0000-000000000021', N'5eedaaaa-0000-0000-0000-000000000021', 'F580A411-0E37-4287-B975-408172A2B4BF', 'TDEVSEED000000000000000000000000021', 1, DATEADD(DAY, -236, GETUTCDATE()));
INSERT INTO dbo.tblH_User_Balance (UserID, BalanceID, TransactionID, Type, BalancePrevious, Amount, Commision, CommisionInPercentage, Balance, CreatedDate, Status) VALUES (N'5eedaaaa-0000-0000-0000-000000000021', N'5eedba33-0000-0000-0000-000000000021', N'5EED-021-01-CRY', 'Crypto Deposit', 0.00, 977.00, 0, 0, 977.00, DATEADD(DAY, -235, GETUTCDATE()), 'Completed');
INSERT INTO dbo.tblH_User_Balance (UserID, BalanceID, TransactionID, Type, BalancePrevious, Amount, Commision, CommisionInPercentage, Balance, CreatedDate, Status) VALUES (N'5eedaaaa-0000-0000-0000-000000000021', N'5eedba33-0000-0000-0000-000000000021', N'5EED-021-02-CAR', 'Card Open', 977.00, -10.00, 0, 0, 967.00, DATEADD(DAY, -234, GETUTCDATE()), 'Completed');
INSERT INTO dbo.tblM_User_Balance (BalanceID, UserID, Currency, Balance, isActive, DateCreated) VALUES (N'5eedba33-0000-0000-0000-000000000021', N'5eedaaaa-0000-0000-0000-000000000021', 'USDT', 967.00, 1, DATEADD(DAY, -236, GETUTCDATE()));
INSERT INTO dbo.tblT_Card (ID, UserID, CardTypeId, CardNo, CardNumber, CVV, ValidPeriod, Currency, Price, Total, Status, isActive, DateCreated) VALUES (N'5eedca01-0000-0000-0000-000000000021', N'5eedaaaa-0000-0000-0000-000000000021', 111028, '4024001000000017', N'4024 00** **** 0017', '219', '06/29', 'USD', 10.00, 10.00, 'active', 1, DATEADD(DAY, -231, GETUTCDATE()));
INSERT INTO dbo.tblT_Card_Transaction (CardNo, TradeNo, OriginTradeNo, Currency, Amount, Type, TypeStr, Status, StatusStr, MerchantName, Description, TransactionTime) VALUES ('4024001000000017', '5EEDTXN001701', '5EEDTXN001701', 'USD', 9.99, 'consume', 'Consume', 'success', 'Success', N'Booking.com', N'Card purchase at Booking.com', DATEADD(DAY, -229, GETUTCDATE()));
INSERT INTO dbo.tblT_Card_Transaction (CardNo, TradeNo, OriginTradeNo, Currency, Amount, Type, TypeStr, Status, StatusStr, MerchantName, Description, TransactionTime) VALUES ('4024001000000017', '5EEDTXN001702', '5EEDTXN001702', 'USD', 16.99, 'consume', 'Consume', 'success', 'Success', N'AliExpress', N'Card purchase at AliExpress', DATEADD(DAY, -227, GETUTCDATE()));
INSERT INTO dbo.tblT_Card_Transaction (CardNo, TradeNo, OriginTradeNo, Currency, Amount, Type, TypeStr, Status, StatusStr, MerchantName, Description, TransactionTime) VALUES ('4024001000000017', '5EEDTXN001703', '5EEDTXN001703', 'USD', 1.99, 'consume', 'Consume', 'success', 'Success', N'OpenAI', N'Card purchase at OpenAI', DATEADD(DAY, -225, GETUTCDATE()));
INSERT INTO dbo.tblT_Card_Transaction (CardNo, TradeNo, OriginTradeNo, Currency, Amount, Type, TypeStr, Status, StatusStr, MerchantName, Description, TransactionTime) VALUES ('4024001000000017', '5EEDTXN001704', '5EEDTXN001704', 'USD', 8.99, 'consume', 'Consume', 'success', 'Success', N'Notion', N'Card purchase at Notion', DATEADD(DAY, -223, GETUTCDATE()));
INSERT INTO dbo.tblT_Card_Balance (ID, CardNo, Amount, UsedAmount, Currency) VALUES (N'5eedcb44-0000-0000-0000-000000000017', '4024001000000017', 162.04, 37.96, 'USD');

-- ---- user #22 (Chloe Okafor) ----
INSERT INTO dbo.tblM_User (UserID, Email, FirstName, LastName, Password, RoleID, Phone, isActive, isVerified, isBanned, DateJoin) VALUES (N'5eedaaaa-0000-0000-0000-000000000022', N'dev.user22@synthetic.kash.local', N'Chloe', N'Okafor', N'DEV-SYNTHETIC-NO-LOGIN', 'role-owner', '+15005550022', 1, 1, 0, DATEADD(DAY, -247, GETUTCDATE()));
INSERT INTO dbo.tblM_User_Commission     (CommissionID, UserID, Commission, DateCreated) VALUES (N'5eedc011-0000-0000-0000-000000000022', N'5eedaaaa-0000-0000-0000-000000000022', 0.1, DATEADD(DAY, -247, GETUTCDATE()));
INSERT INTO dbo.tblM_User_Referral       (UserID, Code, DateCreated) VALUES (N'5eedaaaa-0000-0000-0000-000000000022', 'DEV00022', DATEADD(DAY, -247, GETUTCDATE()));
INSERT INTO dbo.tblM_User_Crypto_Deposit (ID, UserID, NetworkID, Address, isActive, DateCreated) VALUES (N'5eedcd22-0000-0000-0000-000000000022', N'5eedaaaa-0000-0000-0000-000000000022', 'F580A411-0E37-4287-B975-408172A2B4BF', 'TDEVSEED000000000000000000000000022', 1, DATEADD(DAY, -247, GETUTCDATE()));
INSERT INTO dbo.tblH_User_Balance (UserID, BalanceID, TransactionID, Type, BalancePrevious, Amount, Commision, CommisionInPercentage, Balance, CreatedDate, Status) VALUES (N'5eedaaaa-0000-0000-0000-000000000022', N'5eedba33-0000-0000-0000-000000000022', N'5EED-022-01-CRY', 'Crypto Deposit', 0.00, 214.00, 0, 0, 214.00, DATEADD(DAY, -246, GETUTCDATE()), 'Completed');
INSERT INTO dbo.tblH_User_Balance (UserID, BalanceID, TransactionID, Type, BalancePrevious, Amount, Commision, CommisionInPercentage, Balance, CreatedDate, Status) VALUES (N'5eedaaaa-0000-0000-0000-000000000022', N'5eedba33-0000-0000-0000-000000000022', N'5EED-022-02-CAR', 'Card Open', 214.00, -10.00, 0, 0, 204.00, DATEADD(DAY, -245, GETUTCDATE()), 'Completed');
INSERT INTO dbo.tblM_User_Balance (BalanceID, UserID, Currency, Balance, isActive, DateCreated) VALUES (N'5eedba33-0000-0000-0000-000000000022', N'5eedaaaa-0000-0000-0000-000000000022', 'USDT', 204.00, 1, DATEADD(DAY, -247, GETUTCDATE()));
INSERT INTO dbo.tblT_Card (ID, UserID, CardTypeId, CardNo, CardNumber, CVV, ValidPeriod, Currency, Price, Total, Status, isActive, DateCreated) VALUES (N'5eedca01-0000-0000-0000-000000000022', N'5eedaaaa-0000-0000-0000-000000000022', 111028, '4024001000000018', N'4024 00** **** 0018', '226', '07/29', 'USD', 10.00, 10.00, 'active', 1, DATEADD(DAY, -242, GETUTCDATE()));
INSERT INTO dbo.tblT_Card_Transaction (CardNo, TradeNo, OriginTradeNo, Currency, Amount, Type, TypeStr, Status, StatusStr, MerchantName, Description, TransactionTime) VALUES ('4024001000000018', '5EEDTXN001801', '5EEDTXN001801', 'USD', 22.99, 'consume', 'Consume', 'success', 'Success', N'AliExpress', N'Card purchase at AliExpress', DATEADD(DAY, -240, GETUTCDATE()));
INSERT INTO dbo.tblT_Card_Transaction (CardNo, TradeNo, OriginTradeNo, Currency, Amount, Type, TypeStr, Status, StatusStr, MerchantName, Description, TransactionTime) VALUES ('4024001000000018', '5EEDTXN001802', '5EEDTXN001802', 'USD', 7.99, 'consume', 'Consume', 'success', 'Success', N'OpenAI', N'Card purchase at OpenAI', DATEADD(DAY, -238, GETUTCDATE()));
INSERT INTO dbo.tblT_Card_Transaction (CardNo, TradeNo, OriginTradeNo, Currency, Amount, Type, TypeStr, Status, StatusStr, MerchantName, Description, TransactionTime) VALUES ('4024001000000018', '5EEDTXN001803', '5EEDTXN001803', 'USD', 14.99, 'consume', 'Consume', 'success', 'Success', N'Notion', N'Card purchase at Notion', DATEADD(DAY, -236, GETUTCDATE()));
INSERT INTO dbo.tblT_Card_Transaction (CardNo, TradeNo, OriginTradeNo, Currency, Amount, Type, TypeStr, Status, StatusStr, MerchantName, Description, TransactionTime) VALUES ('4024001000000018', '5EEDTXN001804', '5EEDTXN001804', 'USD', 21.99, 'consume', 'Consume', 'success', 'Success', N'GitHub', N'Card purchase at GitHub', DATEADD(DAY, -234, GETUTCDATE()));
INSERT INTO dbo.tblT_Card_Transaction (CardNo, TradeNo, OriginTradeNo, Currency, Amount, Type, TypeStr, Status, StatusStr, MerchantName, Description, TransactionTime) VALUES ('4024001000000018', '5EEDTXN001805', '5EEDTXN001805', 'USD', 6.99, 'consume', 'Consume', 'success', 'Success', N'Figma', N'Card purchase at Figma', DATEADD(DAY, -232, GETUTCDATE()));
INSERT INTO dbo.tblT_Card_Balance (ID, CardNo, Amount, UsedAmount, Currency) VALUES (N'5eedcb44-0000-0000-0000-000000000018', '4024001000000018', 25.05, 74.95, 'USD');

-- ---- user #23 (Arun Ivanov) ----
INSERT INTO dbo.tblM_User (UserID, Email, FirstName, LastName, Password, RoleID, Phone, isActive, isVerified, isBanned, DateJoin) VALUES (N'5eedaaaa-0000-0000-0000-000000000023', N'dev.user23@synthetic.kash.local', N'Arun', N'Ivanov', N'DEV-SYNTHETIC-NO-LOGIN', 'role-owner', '+15005550023', 1, 1, 0, DATEADD(DAY, -258, GETUTCDATE()));
INSERT INTO dbo.tblM_User_Commission     (CommissionID, UserID, Commission, DateCreated) VALUES (N'5eedc011-0000-0000-0000-000000000023', N'5eedaaaa-0000-0000-0000-000000000023', 0.1, DATEADD(DAY, -258, GETUTCDATE()));
INSERT INTO dbo.tblM_User_Referral       (UserID, Code, DateCreated) VALUES (N'5eedaaaa-0000-0000-0000-000000000023', 'DEV00023', DATEADD(DAY, -258, GETUTCDATE()));
INSERT INTO dbo.tblM_User_Crypto_Deposit (ID, UserID, NetworkID, Address, isActive, DateCreated) VALUES (N'5eedcd22-0000-0000-0000-000000000023', N'5eedaaaa-0000-0000-0000-000000000023', 'F580A411-0E37-4287-B975-408172A2B4BF', 'TDEVSEED000000000000000000000000023', 1, DATEADD(DAY, -258, GETUTCDATE()));
INSERT INTO dbo.tblH_User_Balance (UserID, BalanceID, TransactionID, Type, BalancePrevious, Amount, Commision, CommisionInPercentage, Balance, CreatedDate, Status) VALUES (N'5eedaaaa-0000-0000-0000-000000000023', N'5eedba33-0000-0000-0000-000000000023', N'5EED-023-01-CRY', 'Crypto Deposit', 0.00, 251.00, 0, 0, 251.00, DATEADD(DAY, -257, GETUTCDATE()), 'Completed');
INSERT INTO dbo.tblM_User_Balance (BalanceID, UserID, Currency, Balance, isActive, DateCreated) VALUES (N'5eedba33-0000-0000-0000-000000000023', N'5eedaaaa-0000-0000-0000-000000000023', 'USDT', 251.00, 1, DATEADD(DAY, -258, GETUTCDATE()));

-- ---- user #24 (Maya Weber) ----
INSERT INTO dbo.tblM_User (UserID, Email, FirstName, LastName, Password, RoleID, Phone, isActive, isVerified, isBanned, DateJoin) VALUES (N'5eedaaaa-0000-0000-0000-000000000024', N'dev.user24@synthetic.kash.local', N'Maya', N'Weber', N'DEV-SYNTHETIC-NO-LOGIN', 'role-owner', '+15005550024', 1, 1, 0, DATEADD(DAY, -269, GETUTCDATE()));
INSERT INTO dbo.tblM_User_Commission     (CommissionID, UserID, Commission, DateCreated) VALUES (N'5eedc011-0000-0000-0000-000000000024', N'5eedaaaa-0000-0000-0000-000000000024', 0.1, DATEADD(DAY, -269, GETUTCDATE()));
INSERT INTO dbo.tblM_User_Referral       (UserID, Code, DateCreated) VALUES (N'5eedaaaa-0000-0000-0000-000000000024', 'DEV00024', DATEADD(DAY, -269, GETUTCDATE()));
INSERT INTO dbo.tblM_User_Crypto_Deposit (ID, UserID, NetworkID, Address, isActive, DateCreated) VALUES (N'5eedcd22-0000-0000-0000-000000000024', N'5eedaaaa-0000-0000-0000-000000000024', 'F580A411-0E37-4287-B975-408172A2B4BF', 'TDEVSEED000000000000000000000000024', 1, DATEADD(DAY, -269, GETUTCDATE()));
INSERT INTO dbo.tblH_User_Balance (UserID, BalanceID, TransactionID, Type, BalancePrevious, Amount, Commision, CommisionInPercentage, Balance, CreatedDate, Status) VALUES (N'5eedaaaa-0000-0000-0000-000000000024', N'5eedba33-0000-0000-0000-000000000024', N'5EED-024-01-CRY', 'Crypto Deposit', 0.00, 288.00, 0, 0, 288.00, DATEADD(DAY, -268, GETUTCDATE()), 'Completed');
INSERT INTO dbo.tblH_User_Balance (UserID, BalanceID, TransactionID, Type, BalancePrevious, Amount, Commision, CommisionInPercentage, Balance, CreatedDate, Status) VALUES (N'5eedaaaa-0000-0000-0000-000000000024', N'5eedba33-0000-0000-0000-000000000024', N'5EED-024-02-CRY', 'Crypto Deposit', 288.00, 162.00, 0, 0, 450.00, DATEADD(DAY, -20, GETUTCDATE()), 'Completed');
INSERT INTO dbo.tblH_User_Balance (UserID, BalanceID, TransactionID, Type, BalancePrevious, Amount, Commision, CommisionInPercentage, Balance, CreatedDate, Status) VALUES (N'5eedaaaa-0000-0000-0000-000000000024', N'5eedba33-0000-0000-0000-000000000024', N'5EED-024-03-CAR', 'Card Open', 450.00, -10.00, 0, 0, 440.00, DATEADD(DAY, -267, GETUTCDATE()), 'Completed');
INSERT INTO dbo.tblH_User_Balance (UserID, BalanceID, TransactionID, Type, BalancePrevious, Amount, Commision, CommisionInPercentage, Balance, CreatedDate, Status) VALUES (N'5eedaaaa-0000-0000-0000-000000000024', N'5eedba33-0000-0000-0000-000000000024', N'5EED-024-04-CAR', 'Card Open', 440.00, -10.00, 0, 0, 430.00, DATEADD(DAY, -264, GETUTCDATE()), 'Completed');
INSERT INTO dbo.tblM_User_Balance (BalanceID, UserID, Currency, Balance, isActive, DateCreated) VALUES (N'5eedba33-0000-0000-0000-000000000024', N'5eedaaaa-0000-0000-0000-000000000024', 'USDT', 430.00, 1, DATEADD(DAY, -269, GETUTCDATE()));
INSERT INTO dbo.tblT_Card (ID, UserID, CardTypeId, CardNo, CardNumber, CVV, ValidPeriod, Currency, Price, Total, Status, isActive, DateCreated) VALUES (N'5eedca01-0000-0000-0000-000000000024', N'5eedaaaa-0000-0000-0000-000000000024', 111028, '4024001000000019', N'4024 00** **** 0019', '233', '08/29', 'USD', 10.00, 10.00, 'active', 1, DATEADD(DAY, -264, GETUTCDATE()));
INSERT INTO dbo.tblT_Card_Transaction (CardNo, TradeNo, OriginTradeNo, Currency, Amount, Type, TypeStr, Status, StatusStr, MerchantName, Description, TransactionTime) VALUES ('4024001000000019', '5EEDTXN001901', '5EEDTXN001901', 'USD', 13.99, 'consume', 'Consume', 'success', 'Success', N'OpenAI', N'Card purchase at OpenAI', DATEADD(DAY, -262, GETUTCDATE()));
INSERT INTO dbo.tblT_Card_Transaction (CardNo, TradeNo, OriginTradeNo, Currency, Amount, Type, TypeStr, Status, StatusStr, MerchantName, Description, TransactionTime) VALUES ('4024001000000019', '5EEDTXN001902', '5EEDTXN001902', 'USD', 20.99, 'consume', 'Consume', 'success', 'Success', N'Notion', N'Card purchase at Notion', DATEADD(DAY, -260, GETUTCDATE()));
INSERT INTO dbo.tblT_Card_Transaction (CardNo, TradeNo, OriginTradeNo, Currency, Amount, Type, TypeStr, Status, StatusStr, MerchantName, Description, TransactionTime) VALUES ('4024001000000019', '5EEDTXN001903', '5EEDTXN001903', 'USD', 5.99, 'consume', 'Consume', 'success', 'Success', N'GitHub', N'Card purchase at GitHub', DATEADD(DAY, -258, GETUTCDATE()));
INSERT INTO dbo.tblT_Card_Transaction (CardNo, TradeNo, OriginTradeNo, Currency, Amount, Type, TypeStr, Status, StatusStr, MerchantName, Description, TransactionTime) VALUES ('4024001000000019', '5EEDTXN001904', '5EEDTXN001904', 'USD', 12.99, 'consume', 'Consume', 'success', 'Success', N'Figma', N'Card purchase at Figma', DATEADD(DAY, -256, GETUTCDATE()));
INSERT INTO dbo.tblT_Card_Transaction (CardNo, TradeNo, OriginTradeNo, Currency, Amount, Type, TypeStr, Status, StatusStr, MerchantName, Description, TransactionTime) VALUES ('4024001000000019', '5EEDTXN001905', '5EEDTXN001905', 'USD', 19.99, 'consume', 'Consume', 'success', 'Success', N'Amazon', N'Card purchase at Amazon', DATEADD(DAY, -254, GETUTCDATE()));
INSERT INTO dbo.tblT_Card_Transaction (CardNo, TradeNo, OriginTradeNo, Currency, Amount, Type, TypeStr, Status, StatusStr, MerchantName, Description, TransactionTime) VALUES ('4024001000000019', '5EEDTXN001906', '5EEDTXN001906', 'USD', 4.99, 'consume', 'Consume', 'success', 'Success', N'Netflix', N'Card purchase at Netflix', DATEADD(DAY, -252, GETUTCDATE()));
INSERT INTO dbo.tblT_Card_Balance (ID, CardNo, Amount, UsedAmount, Currency) VALUES (N'5eedcb44-0000-0000-0000-000000000019', '4024001000000019', 71.06, 78.94, 'USD');
INSERT INTO dbo.tblT_Card (ID, UserID, CardTypeId, CardNo, CardNumber, CVV, ValidPeriod, Currency, Price, Total, Status, isActive, DateCreated) VALUES (N'5eedca02-0000-0000-0000-000000000024', N'5eedaaaa-0000-0000-0000-000000000024', 111028, '4024001000000020', N'4024 00** **** 0020', '240', '09/30', 'USD', 10.00, 10.00, 'cancelled', 0, DATEADD(DAY, -261, GETUTCDATE()));
INSERT INTO dbo.tblT_Card_Transaction (CardNo, TradeNo, OriginTradeNo, Currency, Amount, Type, TypeStr, Status, StatusStr, MerchantName, Description, TransactionTime) VALUES ('4024001000000020', '5EEDTXN002001', '5EEDTXN002001', 'USD', 4.99, 'consume', 'Consume', 'success', 'Success', N'Notion', N'Card purchase at Notion', DATEADD(DAY, -259, GETUTCDATE()));
INSERT INTO dbo.tblT_Card_Transaction (CardNo, TradeNo, OriginTradeNo, Currency, Amount, Type, TypeStr, Status, StatusStr, MerchantName, Description, TransactionTime) VALUES ('4024001000000020', '5EEDTXN002002', '5EEDTXN002002', 'USD', 11.99, 'consume', 'Consume', 'success', 'Success', N'GitHub', N'Card purchase at GitHub', DATEADD(DAY, -257, GETUTCDATE()));
INSERT INTO dbo.tblT_Card_Transaction (CardNo, TradeNo, OriginTradeNo, Currency, Amount, Type, TypeStr, Status, StatusStr, MerchantName, Description, TransactionTime) VALUES ('4024001000000020', '5EEDTXN002003', '5EEDTXN002003', 'USD', 18.99, 'consume', 'Consume', 'success', 'Success', N'Figma', N'Card purchase at Figma', DATEADD(DAY, -255, GETUTCDATE()));
INSERT INTO dbo.tblT_Card_Balance (ID, CardNo, Amount, UsedAmount, Currency) VALUES (N'5eedcb44-0000-0000-0000-000000000020', '4024001000000020', 164.03, 35.97, 'USD');

-- ---- user #25 (Theo Vargas) ----
INSERT INTO dbo.tblM_User (UserID, Email, FirstName, LastName, Password, RoleID, Phone, isActive, isVerified, isBanned, DateJoin) VALUES (N'5eedaaaa-0000-0000-0000-000000000025', N'dev.user25@synthetic.kash.local', N'Theo', N'Vargas', N'DEV-SYNTHETIC-NO-LOGIN', 'role-owner', '+15005550025', 1, 1, 0, DATEADD(DAY, -280, GETUTCDATE()));
INSERT INTO dbo.tblM_User_Commission     (CommissionID, UserID, Commission, DateCreated) VALUES (N'5eedc011-0000-0000-0000-000000000025', N'5eedaaaa-0000-0000-0000-000000000025', 0.1, DATEADD(DAY, -280, GETUTCDATE()));
INSERT INTO dbo.tblM_User_Referral       (UserID, Code, DateCreated) VALUES (N'5eedaaaa-0000-0000-0000-000000000025', 'DEV00025', DATEADD(DAY, -280, GETUTCDATE()));
INSERT INTO dbo.tblM_User_Crypto_Deposit (ID, UserID, NetworkID, Address, isActive, DateCreated) VALUES (N'5eedcd22-0000-0000-0000-000000000025', N'5eedaaaa-0000-0000-0000-000000000025', 'F580A411-0E37-4287-B975-408172A2B4BF', 'TDEVSEED000000000000000000000000025', 1, DATEADD(DAY, -280, GETUTCDATE()));
INSERT INTO dbo.tblM_User_Balance (BalanceID, UserID, Currency, Balance, isActive, DateCreated) VALUES (N'5eedba33-0000-0000-0000-000000000025', N'5eedaaaa-0000-0000-0000-000000000025', 'USDT', 0.00, 1, DATEADD(DAY, -280, GETUTCDATE()));

COMMIT TRANSACTION;
PRINT 'seed-dev-synthetic: applied 25 users, 20 cards, 90 card transactions (synthetic, dev-only).';
